uuid,name,description,class,shortname,datatype,units,High Normal,Low Normal,Allow Decimal,locale,synonym.1,answer.1,answer.2,answer.3,answer.4,answer.5,answer.6,answer.7,answer.8,answer.9,answer.10,answer.11,answer.12,answer.13,answer.14,answer.15,answer.16,answer.17,answer.18,answer.19,answer.20,answer.21,answer.22,answer.23,answer.24,answer.25,answer.26,answer.27,answer.28,answer.29,answer.30,answer.31,answer.32,answer.33,answer.34,answer.35,answer.36,answer.37,answer.38,answer.39,answer.40,answer.41,answer.42,answer.43,answer.44,answer.45,answer.46,answer.47,answer.48,answer.49,answer.50,answer.51,answer.52,answer.53,answer.54,answer.55,answer.56,answer.57,answer.58,answer.59,answer.60,answer.61,answer.62,answer.63,answer.64,answer.65,answer.66,answer.67,answer.68,answer.69,answer.70,answer.71,answer.72,answer.73,answer.74,answer.75,answer.76,answer.77,answer.78,answer.79,answer.80,answer.81,answer.82,answer.83,answer.84,answer.85,answer.86,answer.87,answer.88,answer.89,reference-term-source,reference-term-code,reference-term-relationship
02676b5f-daf4-4502-a1b2-b7ab1096a702,TB_FollowUP_Date,,Misc,Date,Date,,,,,,,,,,,,,,,,,,,,,,,,,,,,,,,,,,,,,,,,,,,,,,,,,,,,,,,,,,,,,,,,,,,,,,,,,,,,,,,,,,,,,,,,,,,,,,,,,,
381a35a3-2a8b-4be3-8f4f-eaeec2344430,TB_FollowUP_Weight,,Misc,Weight,Numeric,,,,,,,,,,,,,,,,,,,,,,,,,,,,,,,,,,,,,,,,,,,,,,,,,,,,,,,,,,,,,,,,,,,,,,,,,,,,,,,,,,,,,,,,,,,,,,,,,,
519a0711-5bbd-4edb-82fa-277a3039b760,TB_FollowUP_Weight_Improved,,Misc,Improved,N/A,,,,,,,,,,,,,,,,,,,,,,,,,,,,,,,,,,,,,,,,,,,,,,,,,,,,,,,,,,,,,,,,,,,,,,,,,,,,,,,,,,,,,,,,,,,,,,,,,,
b9e91333-6910-4551-810d-f0102aeaa15b,TB_FollowUP_Weight_Decreased,,Misc,Decreased,N/A,,,,,,,,,,,,,,,,,,,,,,,,,,,,,,,,,,,,,,,,,,,,,,,,,,,,,,,,,,,,,,,,,,,,,,,,,,,,,,,,,,,,,,,,,,,,,,,,,,
f8e70748-d18e-4751-900a-462fb71f648c,TB_FollowUP_Weight_Same,,Misc,Same,N/A,,,,,,,,,,,,,,,,,,,,,,,,,,,,,,,,,,,,,,,,,,,,,,,,,,,,,,,,,,,,,,,,,,,,,,,,,,,,,,,,,,,,,,,,,,,,,,,,,,
c821d7ee-ef3b-4bd4-9f3e-c6280ea305e7,TB_FollowUP_Change_In_Weight,,Misc,Change in weight since last visit,Coded,,,,,,,TB_FollowUP_Weight_Improved,TB_FollowUP_Weight_Decreased,TB_FollowUP_Weight_Same,,,,,,,,,,,,,,,,,,,,,,,,,,,,,,,,,,,,,,,,,,,,,,,,,,,,,,,,,,,,,,,,,,,,,,,,,,,,,,,,,,,,,,,,,
da2b9f94-43fe-46d6-9cbf-a64912958453,TB_Temperature,,Misc,Temperature,Numeric,,,,,,,,,,,,,,,,,,,,,,,,,,,,,,,,,,,,,,,,,,,,,,,,,,,,,,,,,,,,,,,,,,,,,,,,,,,,,,,,,,,,,,,,,,,,,,,,,,
1655e9ec-5cd2-4ac7-92db-53b62b986e22,TB_Temperature Abnormal,,Abnormal,Temperature Abnormal,Boolean,,,,,,,,,,,,,,,,,,,,,,,,,,,,,,,,,,,,,,,,,,,,,,,,,,,,,,,,,,,,,,,,,,,,,,,,,,,,,,,,,,,,,,,,,,,,,,,,,,
7668cf99-ad3c-4434-9c19-96392dcd39a0,TB_FollowUP_Pulse_Rate,,Misc,Pulse rate,Numeric,,,,,,,,,,,,,,,,,,,,,,,,,,,,,,,,,,,,,,,,,,,,,,,,,,,,,,,,,,,,,,,,,,,,,,,,,,,,,,,,,,,,,,,,,,,,,,,,,,
d3743c92-eddd-4620-b2b0-ec9e4a809804,TB_Pulse_Abnormal,,Abnormal,Pulse Abnormal,Boolean,,,,,,,,,,,,,,,,,,,,,,,,,,,,,,,,,,,,,,,,,,,,,,,,,,,,,,,,,,,,,,,,,,,,,,,,,,,,,,,,,,,,,,,,,,,,,,,,,,
ed30ce17-d705-4825-8185-ef55a0a353f0,TB_RR,,Misc,Respiratory rate,Numeric,,,,,,,,,,,,,,,,,,,,,,,,,,,,,,,,,,,,,,,,,,,,,,,,,,,,,,,,,,,,,,,,,,,,,,,,,,,,,,,,,,,,,,,,,,,,,,,,,,
abe62451-37eb-4839-a29f-56f1e40a4248,TB_RR_Abnormal,,Abnormal,RR Abnormal,Boolean,,,,,,,,,,,,,,,,,,,,,,,,,,,,,,,,,,,,,,,,,,,,,,,,,,,,,,,,,,,,,,,,,,,,,,,,,,,,,,,,,,,,,,,,,,,,,,,,,,
25368bb4-b42d-4288-ba90-195b47448f69,TB_FollowUP_RR_Increased,,Misc,Increased,N/A,,,,,,,,,,,,,,,,,,,,,,,,,,,,,,,,,,,,,,,,,,,,,,,,,,,,,,,,,,,,,,,,,,,,,,,,,,,,,,,,,,,,,,,,,,,,,,,,,,
46a98e5d-d394-4a2e-b563-ccc1aba0b07b,TB_FollowUP_RR_Same,,Misc,Decreased,N/A,,,,,,,,,,,,,,,,,,,,,,,,,,,,,,,,,,,,,,,,,,,,,,,,,,,,,,,,,,,,,,,,,,,,,,,,,,,,,,,,,,,,,,,,,,,,,,,,,,
46d3fc14-c9ef-48e7-bc69-ce06895ed49b,TB_FollowUP_RR_Decreased,,Misc,Same,N/A,,,,,,,,,,,,,,,,,,,,,,,,,,,,,,,,,,,,,,,,,,,,,,,,,,,,,,,,,,,,,,,,,,,,,,,,,,,,,,,,,,,,,,,,,,,,,,,,,,
973f2398-4229-4f98-bbaf-1fea040fbc7c,TB_FollowUP_RR_Since_Last_Visit,,Misc,RR since last visit,Coded,,,,,,,TB_FollowUP_RR_Increased,TB_FollowUP_RR_Same,TB_FollowUP_RR_Decreased,,,,,,,,,,,,,,,,,,,,,,,,,,,,,,,,,,,,,,,,,,,,,,,,,,,,,,,,,,,,,,,,,,,,,,,,,,,,,,,,,,,,,,,,,
afd9a25e-70b1-4a88-b0d1-d062d874c2ba,TB_FollowUP_SPO2,,Misc,SpO2,Numeric,,,,,,,,,,,,,,,,,,,,,,,,,,,,,,,,,,,,,,,,,,,,,,,,,,,,,,,,,,,,,,,,,,,,,,,,,,,,,,,,,,,,,,,,,,,,,,,,,,
487385a5-cc1d-4030-b8e7-ecd2f3c05da0,TB_FollowUP_SPO2_Abnormal,,Abnormal,SPO2 Abnormal,Boolean,,,,,,,,,,,,,,,,,,,,,,,,,,,,,,,,,,,,,,,,,,,,,,,,,,,,,,,,,,,,,,,,,,,,,,,,,,,,,,,,,,,,,,,,,,,,,,,,,,
fdd74f04-584f-4bd6-9790-6638b4014dc0,TB_FollowUP_TC_Good,,Misc,Good,N/A,,,,,,,,,,,,,,,,,,,,,,,,,,,,,,,,,,,,,,,,,,,,,,,,,,,,,,,,,,,,,,,,,,,,,,,,,,,,,,,,,,,,,,,,,,,,,,,,,,
36166b25-34af-49bc-bab7-7ca2fc75c4e9,TB_FollowUP_TC_Poor,,Misc,Poor,N/A,,,,,,,,,,,,,,,,,,,,,,,,,,,,,,,,,,,,,,,,,,,,,,,,,,,,,,,,,,,,,,,,,,,,,,,,,,,,,,,,,,,,,,,,,,,,,,,,,,
0ca3388f-89bb-4a45-8cf9-bf321016482d,TB_FollowUP_Treatment_Compliance,,Misc,Treatment Compliance,Coded,,,,,,,TB_FollowUP_TC_Good,TB_FollowUP_TC_Poor,,,,,,,,,,,,,,,,,,,,,,,,,,,,,,,,,,,,,,,,,,,,,,,,,,,,,,,,,,,,,,,,,,,,,,,,,,,,,,,,,,,,,,,,,,
9cd52bb5-1b57-404d-96ea-a971fba8fb54,TB_FollowUP_Side_Effect,,Misc,Side effect,N/A,,,,,,,,,,,,,,,,,,,,,,,,,,,,,,,,,,,,,,,,,,,,,,,,,,,,,,,,,,,,,,,,,,,,,,,,,,,,,,,,,,,,,,,,,,,,,,,,,,
e7971c0f-5060-41f5-a38c-98276a802aec,TB_FollowUP_Inability_To_Travel,,Misc,Inability to travel,N/A,,,,,,,,,,,,,,,,,,,,,,,,,,,,,,,,,,,,,,,,,,,,,,,,,,,,,,,,,,,,,,,,,,,,,,,,,,,,,,,,,,,,,,,,,,,,,,,,,,
0d4cc60e-0d7f-46e6-9806-5a1aff95350a,TB_FollowUP_Felt_Better,,Misc,Felt better,N/A,,,,,,,,,,,,,,,,,,,,,,,,,,,,,,,,,,,,,,,,,,,,,,,,,,,,,,,,,,,,,,,,,,,,,,,,,,,,,,,,,,,,,,,,,,,,,,,,,,
259b4554-8b56-44dd-aaec-a8029e7c0357,TB_FollowUP_No_Money,,Misc,No money,N/A,,,,,,,,,,,,,,,,,,,,,,,,,,,,,,,,,,,,,,,,,,,,,,,,,,,,,,,,,,,,,,,,,,,,,,,,,,,,,,,,,,,,,,,,,,,,,,,,,,
c21adf95-03b2-444e-b281-3ec10196f4c5,TB_FollowUP_R_Adhering_Other,,Misc,Other,N/A,,,,,,,,,,,,,,,,,,,,,,,,,,,,,,,,,,,,,,,,,,,,,,,,,,,,,,,,,,,,,,,,,,,,,,,,,,,,,,,,,,,,,,,,,,,,,,,,,,
acacfbe0-8d8a-4f08-ba5d-96076444b569,TB_FollowUP_Reason_For_Not_Adhering,,Misc,Reason for not adhering,Coded,,,,,,,TB_FollowUP_Side_Effect,TB_FollowUP_Inability_To_Travel,TB_FollowUP_Felt_Better,TB_FollowUP_No_Money,TB_FollowUP_R_Adhering_Other,,,,,,,,,,,,,,,,,,,,,,,,,,,,,,,,,,,,,,,,,,,,,,,,,,,,,,,,,,,,,,,,,,,,,,,,,,,,,,,,,,,,,,,
26472353-2d8a-4a03-8ee2-8638bcfd740c,TB_FollowUP_Cough_Improved,,Misc,Improved,N/A,,,,,,,,,,,,,,,,,,,,,,,,,,,,,,,,,,,,,,,,,,,,,,,,,,,,,,,,,,,,,,,,,,,,,,,,,,,,,,,,,,,,,,,,,,,,,,,,,,
7eeab6fb-448c-45e2-99b2-2d38466b253e,TB_FollowUP_Cough_Same,,Misc,Same,N/A,,,,,,,,,,,,,,,,,,,,,,,,,,,,,,,,,,,,,,,,,,,,,,,,,,,,,,,,,,,,,,,,,,,,,,,,,,,,,,,,,,,,,,,,,,,,,,,,,,
a9b97df0-7973-4a91-9a32-09c79638500c,TB_FollowUP_Cough_Worsened,,Misc,Worsened,N/A,,,,,,,,,,,,,,,,,,,,,,,,,,,,,,,,,,,,,,,,,,,,,,,,,,,,,,,,,,,,,,,,,,,,,,,,,,,,,,,,,,,,,,,,,,,,,,,,,,
fc01d32c-a1cc-480f-83c8-aecf1604aa6c,TB_FollowUP_Cough_Newly_Appeared,,Misc,Newly Appeared,N/A,,,,,,,,,,,,,,,,,,,,,,,,,,,,,,,,,,,,,,,,,,,,,,,,,,,,,,,,,,,,,,,,,,,,,,,,,,,,,,,,,,,,,,,,,,,,,,,,,,
31251ae0-e583-4fd4-ad57-a4c413b545e6,TB_FollowUP_Cough,,Misc,Cough,Coded,,,,,,,TB_FollowUP_Cough_Improved,TB_FollowUP_Cough_Same,TB_FollowUP_Cough_Worsened,TB_FollowUP_Cough_Newly_Appeared,,,,,,,,,,,,,,,,,,,,,,,,,,,,,,,,,,,,,,,,,,,,,,,,,,,,,,,,,,,,,,,,,,,,,,,,,,,,,,,,,,,,,,,,
26472353-2d8a-4a03-8ee2-8638bcfd740c,TB_FollowUP_Cough_Improved,,Misc,Improved,N/A,,,,,,,,,,,,,,,,,,,,,,,,,,,,,,,,,,,,,,,,,,,,,,,,,,,,,,,,,,,,,,,,,,,,,,,,,,,,,,,,,,,,,,,,,,,,,,,,,,
7eeab6fb-448c-45e2-99b2-2d38466b253e,TB_FollowUP_Cough_Same,,Misc,Same,N/A,,,,,,,,,,,,,,,,,,,,,,,,,,,,,,,,,,,,,,,,,,,,,,,,,,,,,,,,,,,,,,,,,,,,,,,,,,,,,,,,,,,,,,,,,,,,,,,,,,
a9b97df0-7973-4a91-9a32-09c79638500c,TB_FollowUP_Cough_Worsened,,Misc,Worsened,N/A,,,,,,,,,,,,,,,,,,,,,,,,,,,,,,,,,,,,,,,,,,,,,,,,,,,,,,,,,,,,,,,,,,,,,,,,,,,,,,,,,,,,,,,,,,,,,,,,,,
fc01d32c-a1cc-480f-83c8-aecf1604aa6c,TB_FollowUP_Cough_Newly_Appeared,,Misc,Newly Appeared,N/A,,,,,,,,,,,,,,,,,,,,,,,,,,,,,,,,,,,,,,,,,,,,,,,,,,,,,,,,,,,,,,,,,,,,,,,,,,,,,,,,,,,,,,,,,,,,,,,,,,
9a65946c-8282-417e-89f9-62277d6ca63e,TB_FollowUP_Breathlessness,,Misc,Breathlessness,Coded,,,,,,,TB_FollowUP_Cough_Improved,TB_FollowUP_Cough_Same,TB_FollowUP_Cough_Worsened,TB_FollowUP_Cough_Newly_Appeared,,,,,,,,,,,,,,,,,,,,,,,,,,,,,,,,,,,,,,,,,,,,,,,,,,,,,,,,,,,,,,,,,,,,,,,,,,,,,,,,,,,,,,,,
26472353-2d8a-4a03-8ee2-8638bcfd740c,TB_FollowUP_Cough_Improved,,Misc,Improved,N/A,,,,,,,,,,,,,,,,,,,,,,,,,,,,,,,,,,,,,,,,,,,,,,,,,,,,,,,,,,,,,,,,,,,,,,,,,,,,,,,,,,,,,,,,,,,,,,,,,,
7eeab6fb-448c-45e2-99b2-2d38466b253e,TB_FollowUP_Cough_Same,,Misc,Same,N/A,,,,,,,,,,,,,,,,,,,,,,,,,,,,,,,,,,,,,,,,,,,,,,,,,,,,,,,,,,,,,,,,,,,,,,,,,,,,,,,,,,,,,,,,,,,,,,,,,,
a9b97df0-7973-4a91-9a32-09c79638500c,TB_FollowUP_Cough_Worsened,,Misc,Worsened,N/A,,,,,,,,,,,,,,,,,,,,,,,,,,,,,,,,,,,,,,,,,,,,,,,,,,,,,,,,,,,,,,,,,,,,,,,,,,,,,,,,,,,,,,,,,,,,,,,,,,
fc01d32c-a1cc-480f-83c8-aecf1604aa6c,TB_FollowUP_Cough_Newly_Appeared,,Misc,Newly Appeared,N/A,,,,,,,,,,,,,,,,,,,,,,,,,,,,,,,,,,,,,,,,,,,,,,,,,,,,,,,,,,,,,,,,,,,,,,,,,,,,,,,,,,,,,,,,,,,,,,,,,,
352cb9c6-4bf2-42b3-8e15-ace50a540eee,TB_FollowUP_Hemoptysis,,Misc,Hemoptysis,Coded,,,,,,,TB_FollowUP_Cough_Improved,TB_FollowUP_Cough_Same,TB_FollowUP_Cough_Worsened,TB_FollowUP_Cough_Newly_Appeared,,,,,,,,,,,,,,,,,,,,,,,,,,,,,,,,,,,,,,,,,,,,,,,,,,,,,,,,,,,,,,,,,,,,,,,,,,,,,,,,,,,,,,,,
26472353-2d8a-4a03-8ee2-8638bcfd740c,TB_FollowUP_Cough_Improved,,Misc,Improved,N/A,,,,,,,,,,,,,,,,,,,,,,,,,,,,,,,,,,,,,,,,,,,,,,,,,,,,,,,,,,,,,,,,,,,,,,,,,,,,,,,,,,,,,,,,,,,,,,,,,,
7eeab6fb-448c-45e2-99b2-2d38466b253e,TB_FollowUP_Cough_Same,,Misc,Same,N/A,,,,,,,,,,,,,,,,,,,,,,,,,,,,,,,,,,,,,,,,,,,,,,,,,,,,,,,,,,,,,,,,,,,,,,,,,,,,,,,,,,,,,,,,,,,,,,,,,,
a9b97df0-7973-4a91-9a32-09c79638500c,TB_FollowUP_Cough_Worsened,,Misc,Worsened,N/A,,,,,,,,,,,,,,,,,,,,,,,,,,,,,,,,,,,,,,,,,,,,,,,,,,,,,,,,,,,,,,,,,,,,,,,,,,,,,,,,,,,,,,,,,,,,,,,,,,
fc01d32c-a1cc-480f-83c8-aecf1604aa6c,TB_FollowUP_Cough_Newly_Appeared,,Misc,Newly Appeared,N/A,,,,,,,,,,,,,,,,,,,,,,,,,,,,,,,,,,,,,,,,,,,,,,,,,,,,,,,,,,,,,,,,,,,,,,,,,,,,,,,,,,,,,,,,,,,,,,,,,,
294bf763-3ff1-462f-bb53-8fda07739efe,TB_FollowUP_Loss_Of_Appetite,,Misc,Loss of Appetite,Coded,,,,,,,TB_FollowUP_Cough_Improved,TB_FollowUP_Cough_Same,TB_FollowUP_Cough_Worsened,TB_FollowUP_Cough_Newly_Appeared,,,,,,,,,,,,,,,,,,,,,,,,,,,,,,,,,,,,,,,,,,,,,,,,,,,,,,,,,,,,,,,,,,,,,,,,,,,,,,,,,,,,,,,,
26472353-2d8a-4a03-8ee2-8638bcfd740c,TB_FollowUP_Cough_Improved,,Misc,Improved,N/A,,,,,,,,,,,,,,,,,,,,,,,,,,,,,,,,,,,,,,,,,,,,,,,,,,,,,,,,,,,,,,,,,,,,,,,,,,,,,,,,,,,,,,,,,,,,,,,,,,
7eeab6fb-448c-45e2-99b2-2d38466b253e,TB_FollowUP_Cough_Same,,Misc,Same,N/A,,,,,,,,,,,,,,,,,,,,,,,,,,,,,,,,,,,,,,,,,,,,,,,,,,,,,,,,,,,,,,,,,,,,,,,,,,,,,,,,,,,,,,,,,,,,,,,,,,
a9b97df0-7973-4a91-9a32-09c79638500c,TB_FollowUP_Cough_Worsened,,Misc,Worsened,N/A,,,,,,,,,,,,,,,,,,,,,,,,,,,,,,,,,,,,,,,,,,,,,,,,,,,,,,,,,,,,,,,,,,,,,,,,,,,,,,,,,,,,,,,,,,,,,,,,,,
fc01d32c-a1cc-480f-83c8-aecf1604aa6c,TB_FollowUP_Cough_Newly_Appeared,,Misc,Newly Appeared,N/A,,,,,,,,,,,,,,,,,,,,,,,,,,,,,,,,,,,,,,,,,,,,,,,,,,,,,,,,,,,,,,,,,,,,,,,,,,,,,,,,,,,,,,,,,,,,,,,,,,
4b0c5c30-5e3f-4576-a8d6-67fd1ed37b2e,TB_FollowUP_Fever,,Misc,Fever,Coded,,,,,,,TB_FollowUP_Cough_Improved,TB_FollowUP_Cough_Same,TB_FollowUP_Cough_Worsened,TB_FollowUP_Cough_Newly_Appeared,,,,,,,,,,,,,,,,,,,,,,,,,,,,,,,,,,,,,,,,,,,,,,,,,,,,,,,,,,,,,,,,,,,,,,,,,,,,,,,,,,,,,,,,
26472353-2d8a-4a03-8ee2-8638bcfd740c,TB_FollowUP_Cough_Improved,,Misc,Improved,N/A,,,,,,,,,,,,,,,,,,,,,,,,,,,,,,,,,,,,,,,,,,,,,,,,,,,,,,,,,,,,,,,,,,,,,,,,,,,,,,,,,,,,,,,,,,,,,,,,,,
7eeab6fb-448c-45e2-99b2-2d38466b253e,TB_FollowUP_Cough_Same,,Misc,Same,N/A,,,,,,,,,,,,,,,,,,,,,,,,,,,,,,,,,,,,,,,,,,,,,,,,,,,,,,,,,,,,,,,,,,,,,,,,,,,,,,,,,,,,,,,,,,,,,,,,,,
a9b97df0-7973-4a91-9a32-09c79638500c,TB_FollowUP_Cough_Worsened,,Misc,Worsened,N/A,,,,,,,,,,,,,,,,,,,,,,,,,,,,,,,,,,,,,,,,,,,,,,,,,,,,,,,,,,,,,,,,,,,,,,,,,,,,,,,,,,,,,,,,,,,,,,,,,,
fc01d32c-a1cc-480f-83c8-aecf1604aa6c,TB_FollowUP_Cough_Newly_Appeared,,Misc,Newly Appeared,N/A,,,,,,,,,,,,,,,,,,,,,,,,,,,,,,,,,,,,,,,,,,,,,,,,,,,,,,,,,,,,,,,,,,,,,,,,,,,,,,,,,,,,,,,,,,,,,,,,,,
2476ae3d-e4e3-4e70-a81b-ed909cb397f9,TB_FollowUP_Vomiting,,Misc,Vomiting,Coded,,,,,,,TB_FollowUP_Cough_Improved,TB_FollowUP_Cough_Same,TB_FollowUP_Cough_Worsened,TB_FollowUP_Cough_Newly_Appeared,,,,,,,,,,,,,,,,,,,,,,,,,,,,,,,,,,,,,,,,,,,,,,,,,,,,,,,,,,,,,,,,,,,,,,,,,,,,,,,,,,,,,,,,
1f0f8ec6-4e15-11e4-8a57-0800271c1b75,Fever,,Misc,Fever,N/A,,,,,,,,,,,,,,,,,,,,,,,,,,,,,,,,,,,,,,,,,,,,,,,,,,,,,,,,,,,,,,,,,,,,,,,,,,,,,,,,,,,,,,,,,,,,,,,,,,
e49eb275-8d31-4f81-a114-ca6b1d53533c,Lethargy,,Misc,,N/A,,,,,,,,,,,,,,,,,,,,,,,,,,,,,,,,,,,,,,,,,,,,,,,,,,,,,,,,,,,,,,,,,,,,,,,,,,,,,,,,,,,,,,,,,,,,,,,,,,
1e272149-4e15-11e4-8a57-0800271c1b75,Convulsions,,Misc,Convulsions,N/A,,,,,,,,,,,,,,,,,,,,,,,,,,,,,,,,,,,,,,,,,,,,,,,,,,,,,,,,,,,,,,,,,,,,,,,,,,,,,,,,,,,,,,,,,,,,,,,,,,
1e2918fb-4e15-11e4-8a57-0800271c1b75,Cough,,Misc,Cough,N/A,,,,,,,,,,,,,,,,,,,,,,,,,,,,,,,,,,,,,,,,,,,,,,,,,,,,,,,,,,,,,,,,,,,,,,,,,,,,,,,,,,,,,,,,,,,,,,,,,,
a81f6490-a240-4396-9bc3-8f983ecd983b,Blood in cough,,Misc,Blood in Cough,N/A,,,,,,,,,,,,,,,,,,,,,,,,,,,,,,,,,,,,,,,,,,,,,,,,,,,,,,,,,,,,,,,,,,,,,,,,,,,,,,,,,,,,,,,,,,,,,,,,,,
ea877907-5cd7-47c8-b211-e300114efbd8,Blood in Sputum,,Misc,,N/A,,,,,,,,,,,,,,,,,,,,,,,,,,,,,,,,,,,,,,,,,,,,,,,,,,,,,,,,,,,,,,,,,,,,,,,,,,,,,,,,,,,,,,,,,,,,,,,,,,
2cd90722-752a-4d0d-84ba-a2e9a74e63bb,Breathlesness,,Misc,Breathlesness,N/A,,,,,,,,,,,,,,,,,,,,,,,,,,,,,,,,,,,,,,,,,,,,,,,,,,,,,,,,,,,,,,,,,,,,,,,,,,,,,,,,,,,,,,,,,,,,,,,,,,
1e0f4158-4e15-11e4-8a57-0800271c1b75,Chest Pain,,Misc,Chest pain,N/A,,,,,,,,,,,,,,,,,,,,,,,,,,,,,,,,,,,,,,,,,,,,,,,,,,,,,,,,,,,,,,,,,,,,,,,,,,,,,,,,,,,,,,,,,,,,,,,,,,
1dfb0948-4e15-11e4-8a57-0800271c1b75,Abdominal pain,,Misc,Abdominal Pain,N/A,,,,,,,,,,,,,,,,,,,,,,,,,,,,,,,,,,,,,,,,,,,,,,,,,,,,,,,,,,,,,,,,,,,,,,,,,,,,,,,,,,,,,,,,,,,,,,,,,,
2216e20d-4e15-11e4-8a57-0800271c1b75,Vomiting,,Misc,Vomiting,N/A,,,,,,,,,,,,,,,,,,,,,,,,,,,,,,,,,,,,,,,,,,,,,,,,,,,,,,,,,,,,,,,,,,,,,,,,,,,,,,,,,,,,,,,,,,,,,,,,,,
3a9bbcca-eab9-483d-91a7-ffe4bd7a6e88,Blood in vomitus,,Misc,Blood in Vomitus,N/A,,,,,,,,,,,,,,,,,,,,,,,,,,,,,,,,,,,,,,,,,,,,,,,,,,,,,,,,,,,,,,,,,,,,,,,,,,,,,,,,,,,,,,,,,,,,,,,,,,
188dfd8a-713f-411a-8ffa-e5c1e6f23497,Nausea,,Misc,,N/A,,,,,,,,,,,,,,,,,,,,,,,,,,,,,,,,,,,,,,,,,,,,,,,,,,,,,,,,,,,,,,,,,,,,,,,,,,,,,,,,,,,,,,,,,,,,,,,,,,
dfe56d3f-cc36-468f-b1be-fb8f181166bd,Diarrhea,,Misc,,N/A,,,,,,,,,,,,,,,,,,,,,,,,,,,,,,,,,,,,,,,,,,,,,,,,,,,,,,,,,,,,,,,,,,,,,,,,,,,,,,,,,,,,,,,,,,,,,,,,,,
baeb698e-ef2a-4cb7-8ffb-874b991818f9,Blood in stools,,Misc,Blood in Stools,N/A,,,,,,,,,,,,,,,,,,,,,,,,,,,,,,,,,,,,,,,,,,,,,,,,,,,,,,,,,,,,,,,,,,,,,,,,,,,,,,,,,,,,,,,,,,,,,,,,,,
e2619532-c572-4572-b4d4-0a009c6bf1ae,Burning micturition,,Misc,Burning micturition,N/A,,,,,,,,,,,,,,,,,,,,,,,,,,,,,,,,,,,,,,,,,,,,,,,,,,,,,,,,,,,,,,,,,,,,,,,,,,,,,,,,,,,,,,,,,,,,,,,,,,
7a5d7b7d-029d-4e68-b157-674c74fa0b34,Retro sternal burning,,Misc,Retro Sternal Burning,N/A,,,,,,,,,,,,,,,,,,,,,,,,,,,,,,,,,,,,,,,,,,,,,,,,,,,,,,,,,,,,,,,,,,,,,,,,,,,,,,,,,,,,,,,,,,,,,,,,,,
ee5b670d-d402-4eaf-9e31-f220539c802c,Rash,,Misc,,N/A,,,,,,,,,,,,,,,,,,,,,,,,,,,,,,,,,,,,,,,,,,,,,,,,,,,,,,,,,,,,,,,,,,,,,,,,,,,,,,,,,,,,,,,,,,,,,,,,,,
65a80a78-8b5a-4e78-ac03-81ba72660bdb,Boils,,Misc,,N/A,,,,,,,,,,,,,,,,,,,,,,,,,,,,,,,,,,,,,,,,,,,,,,,,,,,,,,,,,,,,,,,,,,,,,,,,,,,,,,,,,,,,,,,,,,,,,,,,,,
cc470b4d-3e55-4891-9660-81c57fbf1508,Itching,,Misc,,N/A,,,,,,,,,,,,,,,,,,,,,,,,,,,,,,,,,,,,,,,,,,,,,,,,,,,,,,,,,,,,,,,,,,,,,,,,,,,,,,,,,,,,,,,,,,,,,,,,,,
143ac35a-d397-46c0-a74c-6b50fc29a21d,Diminution of vision,,Misc,Diminution of Vision,N/A,,,,,,,,,,,,,,,,,,,,,,,,,,,,,,,,,,,,,,,,,,,,,,,,,,,,,,,,,,,,,,,,,,,,,,,,,,,,,,,,,,,,,,,,,,,,,,,,,,
57e470c4-05ce-465c-9e6a-dc6b5e2cb8f2,Redness of eye,,Misc,Redness of Eye,N/A,,,,,,,,,,,,,,,,,,,,,,,,,,,,,,,,,,,,,,,,,,,,,,,,,,,,,,,,,,,,,,,,,,,,,,,,,,,,,,,,,,,,,,,,,,,,,,,,,,
2d5edf96-a70d-4f02-946a-305220ccd51f,Discharge from eye,,Misc,Discharge from Eye,N/A,,,,,,,,,,,,,,,,,,,,,,,,,,,,,,,,,,,,,,,,,,,,,,,,,,,,,,,,,,,,,,,,,,,,,,,,,,,,,,,,,,,,,,,,,,,,,,,,,,
4aee4181-62e0-4b4c-8282-6643a1995cf4,Backache,,Misc,,N/A,,,,,,,,,,,,,,,,,,,,,,,,,,,,,,,,,,,,,,,,,,,,,,,,,,,,,,,,,,,,,,,,,,,,,,,,,,,,,,,,,,,,,,,,,,,,,,,,,,
ff969d01-5000-41d1-9a5c-51287a9c9a7a,Join pain,,Misc,Join Pain,N/A,,,,,,,,,,,,,,,,,,,,,,,,,,,,,,,,,,,,,,,,,,,,,,,,,,,,,,,,,,,,,,,,,,,,,,,,,,,,,,,,,,,,,,,,,,,,,,,,,,
573b3c24-d0ee-4bf0-a6fe-bae490b00605,Body ache,,Misc,Body ache,N/A,,,,,,,,,,,,,,,,,,,,,,,,,,,,,,,,,,,,,,,,,,,,,,,,,,,,,,,,,,,,,,,,,,,,,,,,,,,,,,,,,,,,,,,,,,,,,,,,,,
1f592562-4e15-11e4-8a57-0800271c1b75,Headache,,Misc,Headache,N/A,,,,,,,,,,,,,,,,,,,,,,,,,,,,,,,,,,,,,,,,,,,,,,,,,,,,,,,,,,,,,,,,,,,,,,,,,,,,,,,,,,,,,,,,,,,,,,,,,,
0abc2175-30ba-4726-bff3-a928a5148282,Ear Discharge,,Misc,,N/A,,,,,,,,,,,,,,,,,,,,,,,,,,,,,,,,,,,,,,,,,,,,,,,,,,,,,,,,,,,,,,,,,,,,,,,,,,,,,,,,,,,,,,,,,,,,,,,,,,
1c83eb54-a6bc-4aa5-9d1d-0879fef5eff1,Vaginal discharge,,Misc,Vaginal Discharge,N/A,,,,,,,,,,,,,,,,,,,,,,,,,,,,,,,,,,,,,,,,,,,,,,,,,,,,,,,,,,,,,,,,,,,,,,,,,,,,,,,,,,,,,,,,,,,,,,,,,,
6be247a6-cf89-4958-86d1-1f89be855a60,Other_sign,,Misc,Other,N/A,,,,,,,,,,,,,,,,,,,,,,,,,,,,,,,,,,,,,,,,,,,,,,,,,,,,,,,,,,,,,,,,,,,,,,,,,,,,,,,,,,,,,,,,,,,,,,,,,,
788e905b-7413-4b78-9fc4-82533a4bd590,TB_FollowUp_Add_More_Symp,,Misc,Add more Symptoms,Coded,,,,,,,Fever,Lethargy,Convulsions,Cough,Blood in cough,Blood in Sputum,Breathlesness,Chest Pain,Abdominal pain,Vomiting,Blood in vomitus,Nausea,Diarrhea,Blood in stools,Burning micturition,Retro sternal burning,Rash,Boils,Itching,Diminution of vision,Redness of eye,Discharge from eye,Backache,Join pain,Body ache,Headache,Ear Discharge,Vaginal discharge,Other_sign,,,,,,,,,,,,,,,,,,,,,,,,,,,,,,,,,,,,,,,,,,,,,,,,,,,,,,,,,,,,,,,
26472353-2d8a-4a03-8ee2-8638bcfd740c,TB_FollowUP_Cough_Improved,,Misc,Improved,N/A,,,,,,,,,,,,,,,,,,,,,,,,,,,,,,,,,,,,,,,,,,,,,,,,,,,,,,,,,,,,,,,,,,,,,,,,,,,,,,,,,,,,,,,,,,,,,,,,,,
7eeab6fb-448c-45e2-99b2-2d38466b253e,TB_FollowUP_Cough_Same,,Misc,Same,N/A,,,,,,,,,,,,,,,,,,,,,,,,,,,,,,,,,,,,,,,,,,,,,,,,,,,,,,,,,,,,,,,,,,,,,,,,,,,,,,,,,,,,,,,,,,,,,,,,,,
a9b97df0-7973-4a91-9a32-09c79638500c,TB_FollowUP_Cough_Worsened,,Misc,Worsened,N/A,,,,,,,,,,,,,,,,,,,,,,,,,,,,,,,,,,,,,,,,,,,,,,,,,,,,,,,,,,,,,,,,,,,,,,,,,,,,,,,,,,,,,,,,,,,,,,,,,,
fc01d32c-a1cc-480f-83c8-aecf1604aa6c,TB_FollowUP_Cough_Newly_Appeared,,Misc,Newly Appeared,N/A,,,,,,,,,,,,,,,,,,,,,,,,,,,,,,,,,,,,,,,,,,,,,,,,,,,,,,,,,,,,,,,,,,,,,,,,,,,,,,,,,,,,,,,,,,,,,,,,,,
663cb017-c478-47d7-beb7-e62e780082df,TB_FollowUP_Symp_Status,,Misc,Status of Symptoms,Coded,,,,,,,TB_FollowUP_Cough_Improved,TB_FollowUP_Cough_Same,TB_FollowUP_Cough_Worsened,TB_FollowUP_Cough_Newly_Appeared,,,,,,,,,,,,,,,,,,,,,,,,,,,,,,,,,,,,,,,,,,,,,,,,,,,,,,,,,,,,,,,,,,,,,,,,,,,,,,,,,,,,,,,,
81a5f696-c967-468b-b7d7-c8f27f97f1a8,TB_Hemoglobin,,Misc,Hemoglobin,Numeric,,,,,,,,,,,,,,,,,,,,,,,,,,,,,,,,,,,,,,,,,,,,,,,,,,,,,,,,,,,,,,,,,,,,,,,,,,,,,,,,,,,,,,,,,,,,,,,,,,
4d69afb0-2215-43c5-afc4-be0762209296,TB_Hemoglobin_Abnormal,,Abnormal,Hemoglobin Abnormal,Boolean,,,,,,,,,,,,,,,,,,,,,,,,,,,,,,,,,,,,,,,,,,,,,,,,,,,,,,,,,,,,,,,,,,,,,,,,,,,,,,,,,,,,,,,,,,,,,,,,,,
485efa11-0624-4e97-b718-51c30b014b86,TB_Blood_Sugar,,Misc,Blood Sugar,Numeric,,,,,,,,,,,,,,,,,,,,,,,,,,,,,,,,,,,,,,,,,,,,,,,,,,,,,,,,,,,,,,,,,,,,,,,,,,,,,,,,,,,,,,,,,,,,,,,,,,
841c7811-208b-484e-ba53-ae1536a46aeb,TB_SGPT,,Misc,SGPT,Numeric,,,,,,,,,,,,,,,,,,,,,,,,,,,,,,,,,,,,,,,,,,,,,,,,,,,,,,,,,,,,,,,,,,,,,,,,,,,,,,,,,,,,,,,,,,,,,,,,,,
ef3e292b-9eb0-4699-961e-8fb1e2eda429,TB_Sputum_NA,,Misc,NA,N/A,,,,,,,,,,,,,,,,,,,,,,,,,,,,,,,,,,,,,,,,,,,,,,,,,,,,,,,,,,,,,,,,,,,,,,,,,,,,,,,,,,,,,,,,,,,,,,,,,,
420510a2-9c34-49c4-b1cc-c5c6b6a4ea84,TB_Sputum_Negative,,Misc,Negative,N/A,,,,,,,,,,,,,,,,,,,,,,,,,,,,,,,,,,,,,,,,,,,,,,,,,,,,,,,,,,,,,,,,,,,,,,,,,,,,,,,,,,,,,,,,,,,,,,,,,,
67557a7e-dbb2-491f-9a55-ff7b241a35b0,TB_Sputum_Scanty,,Misc,Scanty,N/A,,,,,,,,,,,,,,,,,,,,,,,,,,,,,,,,,,,,,,,,,,,,,,,,,,,,,,,,,,,,,,,,,,,,,,,,,,,,,,,,,,,,,,,,,,,,,,,,,,
7261ff7a-abdc-4bc5-a7a1-b88213060e9e,TB_Sputum_+,,Misc,+,N/A,,,,,,,,,,,,,,,,,,,,,,,,,,,,,,,,,,,,,,,,,,,,,,,,,,,,,,,,,,,,,,,,,,,,,,,,,,,,,,,,,,,,,,,,,,,,,,,,,,
7833f085-b032-4604-9383-c5651771d63d,TB_Sputum_++,,Misc,++,N/A,,,,,,,,,,,,,,,,,,,,,,,,,,,,,,,,,,,,,,,,,,,,,,,,,,,,,,,,,,,,,,,,,,,,,,,,,,,,,,,,,,,,,,,,,,,,,,,,,,
8472b356-a21c-42aa-94ee-cfd5d96f8884,TB_Sputum_+++,,Misc,+++,N/A,,,,,,,,,,,,,,,,,,,,,,,,,,,,,,,,,,,,,,,,,,,,,,,,,,,,,,,,,,,,,,,,,,,,,,,,,,,,,,,,,,,,,,,,,,,,,,,,,,
7c7bba4f-f749-4482-8f89-83bf7a7afa7f,TB_Sputum_Outcome,,Misc,Sputum Outcome,Coded,,,,,,,TB_Sputum_NA,TB_Sputum_Negative,TB_Sputum_Scanty,TB_Sputum_+,TB_Sputum_++,TB_Sputum_+++,,,,,,,,,,,,,,,,,,,,,,,,,,,,,,,,,,,,,,,,,,,,,,,,,,,,,,,,,,,,,,,,,,,,,,,,,,,,,,,,,,,,,,
ef3e292b-9eb0-4699-961e-8fb1e2eda429,TB_Sputum_NA,,Misc,NA,N/A,,,,,,,,,,,,,,,,,,,,,,,,,,,,,,,,,,,,,,,,,,,,,,,,,,,,,,,,,,,,,,,,,,,,,,,,,,,,,,,,,,,,,,,,,,,,,,,,,,
420510a2-9c34-49c4-b1cc-c5c6b6a4ea84,TB_Sputum_Negative,,Misc,Negative,N/A,,,,,,,,,,,,,,,,,,,,,,,,,,,,,,,,,,,,,,,,,,,,,,,,,,,,,,,,,,,,,,,,,,,,,,,,,,,,,,,,,,,,,,,,,,,,,,,,,,
791606cb-fa13-4d63-986d-d2879c7f67fb,TB_Positive_Sensitive,,Misc,Positive-Sensitive,N/A,,,,,,,,,,,,,,,,,,,,,,,,,,,,,,,,,,,,,,,,,,,,,,,,,,,,,,,,,,,,,,,,,,,,,,,,,,,,,,,,,,,,,,,,,,,,,,,,,,
12127838-c626-464f-81d8-96c353923ef3,TB_Positive_Resistant_MDR,,Misc,Positive-Resistant-MDR,N/A,,,,,,,,,,,,,,,,,,,,,,,,,,,,,,,,,,,,,,,,,,,,,,,,,,,,,,,,,,,,,,,,,,,,,,,,,,,,,,,,,,,,,,,,,,,,,,,,,,
09b208e0-e937-436e-93fd-2098da4bbf25,TB_Positive_Resistant_XDR,,Misc,Positive-Resistant-XDR,N/A,,,,,,,,,,,,,,,,,,,,,,,,,,,,,,,,,,,,,,,,,,,,,,,,,,,,,,,,,,,,,,,,,,,,,,,,,,,,,,,,,,,,,,,,,,,,,,,,,,
fdfb4282-c4ee-4917-a7e7-1462eb7b43c5,TB_2_CBNAAT_Culture_Outcome,,Misc,CBNAAT/ Culture Outcome,Coded,,,,,,,TB_Sputum_NA,TB_Sputum_Negative,TB_Positive_Sensitive,TB_Positive_Resistant_MDR,TB_Positive_Resistant_XDR,,,,,,,,,,,,,,,,,,,,,,,,,,,,,,,,,,,,,,,,,,,,,,,,,,,,,,,,,,,,,,,,,,,,,,,,,,,,,,,,,,,,,,,
ef3e292b-9eb0-4699-961e-8fb1e2eda429,TB_Sputum_NA,,Misc,NA,N/A,,,,,,,,,,,,,,,,,,,,,,,,,,,,,,,,,,,,,,,,,,,,,,,,,,,,,,,,,,,,,,,,,,,,,,,,,,,,,,,,,,,,,,,,,,,,,,,,,,
420510a2-9c34-49c4-b1cc-c5c6b6a4ea84,TB_Sputum_Negative,,Misc,Negative,N/A,,,,,,,,,,,,,,,,,,,,,,,,,,,,,,,,,,,,,,,,,,,,,,,,,,,,,,,,,,,,,,,,,,,,,,,,,,,,,,,,,,,,,,,,,,,,,,,,,,
791606cb-fa13-4d63-986d-d2879c7f67fb,TB_Positive_Sensitive,,Misc,Positive-Sensitive,N/A,,,,,,,,,,,,,,,,,,,,,,,,,,,,,,,,,,,,,,,,,,,,,,,,,,,,,,,,,,,,,,,,,,,,,,,,,,,,,,,,,,,,,,,,,,,,,,,,,,
12127838-c626-464f-81d8-96c353923ef3,TB_Positive_Resistant_MDR,,Misc,Positive-Resistant-MDR,N/A,,,,,,,,,,,,,,,,,,,,,,,,,,,,,,,,,,,,,,,,,,,,,,,,,,,,,,,,,,,,,,,,,,,,,,,,,,,,,,,,,,,,,,,,,,,,,,,,,,
09b208e0-e937-436e-93fd-2098da4bbf25,TB_Positive_Resistant_XDR,,Misc,Positive-Resistant-XDR,N/A,,,,,,,,,,,,,,,,,,,,,,,,,,,,,,,,,,,,,,,,,,,,,,,,,,,,,,,,,,,,,,,,,,,,,,,,,,,,,,,,,,,,,,,,,,,,,,,,,,
8a4275ab-c11c-4aca-9f7d-1f8776e9d993,TB_INH_Monoresistance,,Misc,INH Monoresistance,N/A,,,,,,,,,,,,,,,,,,,,,,,,,,,,,,,,,,,,,,,,,,,,,,,,,,,,,,,,,,,,,,,,,,,,,,,,,,,,,,,,,,,,,,,,,,,,,,,,,,
75ef1739-b856-48a2-8ac5-43b99adf8cff,TB_LPA_Outcome,,Misc,LPA Outcome,Coded,,,,,,,TB_Sputum_NA,TB_Sputum_Negative,TB_Positive_Sensitive,TB_Positive_Resistant_MDR,TB_Positive_Resistant_XDR,TB_INH_Monoresistance,,,,,,,,,,,,,,,,,,,,,,,,,,,,,,,,,,,,,,,,,,,,,,,,,,,,,,,,,,,,,,,,,,,,,,,,,,,,,,,,,,,,,,
8f3349c1-264e-49ef-9e1d-0bd3c95ccd39,TB_Miliary,,Misc,Miliary,Boolean,,,,,,,,,,,,,,,,,,,,,,,,,,,,,,,,,,,,,,,,,,,,,,,,,,,,,,,,,,,,,,,,,,,,,,,,,,,,,,,,,,,,,,,,,,,,,,,,,,
ab6915c9-1503-4406-8d7e-9dc585ae83f2,TB_Intake_Right,,Misc,Right,N/A,,,,,,,,,,,,,,,,,,,,,,,,,,,,,,,,,,,,,,,,,,,,,,,,,,,,,,,,,,,,,,,,,,,,,,,,,,,,,,,,,,,,,,,,,,,,,,,,,,
32190667-9b37-48b2-a165-502def1aef81,TB_Intake_Left,,Misc,Left,N/A,,,,,,,,,,,,,,,,,,,,,,,,,,,,,,,,,,,,,,,,,,,,,,,,,,,,,,,,,,,,,,,,,,,,,,,,,,,,,,,,,,,,,,,,,,,,,,,,,,
5965cf22-0450-4342-a053-7c92b004db4d,TB_CS_Creps,,Misc,Creps,Coded,,,,,,,TB_Intake_Right,TB_Intake_Left,,,,,,,,,,,,,,,,,,,,,,,,,,,,,,,,,,,,,,,,,,,,,,,,,,,,,,,,,,,,,,,,,,,,,,,,,,,,,,,,,,,,,,,,,,
ab6915c9-1503-4406-8d7e-9dc585ae83f2,TB_Intake_Right,,Misc,Right,N/A,,,,,,,,,,,,,,,,,,,,,,,,,,,,,,,,,,,,,,,,,,,,,,,,,,,,,,,,,,,,,,,,,,,,,,,,,,,,,,,,,,,,,,,,,,,,,,,,,,
32190667-9b37-48b2-a165-502def1aef81,TB_Intake_Left,,Misc,Left,N/A,,,,,,,,,,,,,,,,,,,,,,,,,,,,,,,,,,,,,,,,,,,,,,,,,,,,,,,,,,,,,,,,,,,,,,,,,,,,,,,,,,,,,,,,,,,,,,,,,,
20c87f68-cc2f-4006-b106-9055ac34b0b5,TB_CS_Wheeze,,Misc,Wheeze,Coded,,,,,,,TB_Intake_Right,TB_Intake_Left,,,,,,,,,,,,,,,,,,,,,,,,,,,,,,,,,,,,,,,,,,,,,,,,,,,,,,,,,,,,,,,,,,,,,,,,,,,,,,,,,,,,,,,,,,
ab6915c9-1503-4406-8d7e-9dc585ae83f2,TB_Intake_Right,,Misc,Right,N/A,,,,,,,,,,,,,,,,,,,,,,,,,,,,,,,,,,,,,,,,,,,,,,,,,,,,,,,,,,,,,,,,,,,,,,,,,,,,,,,,,,,,,,,,,,,,,,,,,,
32190667-9b37-48b2-a165-502def1aef81,TB_Intake_Left,,Misc,Left,N/A,,,,,,,,,,,,,,,,,,,,,,,,,,,,,,,,,,,,,,,,,,,,,,,,,,,,,,,,,,,,,,,,,,,,,,,,,,,,,,,,,,,,,,,,,,,,,,,,,,
86bbe42b-6433-4cb1-ac59-8ed10d67722a,TB_CS_Bronchial_breathing,,Misc,Bronchial breathing,Coded,,,,,,,TB_Intake_Right,TB_Intake_Left,,,,,,,,,,,,,,,,,,,,,,,,,,,,,,,,,,,,,,,,,,,,,,,,,,,,,,,,,,,,,,,,,,,,,,,,,,,,,,,,,,,,,,,,,,
ab6915c9-1503-4406-8d7e-9dc585ae83f2,TB_Intake_Right,,Misc,Right,N/A,,,,,,,,,,,,,,,,,,,,,,,,,,,,,,,,,,,,,,,,,,,,,,,,,,,,,,,,,,,,,,,,,,,,,,,,,,,,,,,,,,,,,,,,,,,,,,,,,,
32190667-9b37-48b2-a165-502def1aef81,TB_Intake_Left,,Misc,Left,N/A,,,,,,,,,,,,,,,,,,,,,,,,,,,,,,,,,,,,,,,,,,,,,,,,,,,,,,,,,,,,,,,,,,,,,,,,,,,,,,,,,,,,,,,,,,,,,,,,,,
d8e8f69e-5606-4987-9c50-c652acbf7f82,TB_CS_Air_entry_decreased,,Misc,Air entry decreased,Coded,,,,,,,TB_Intake_Right,TB_Intake_Left,,,,,,,,,,,,,,,,,,,,,,,,,,,,,,,,,,,,,,,,,,,,,,,,,,,,,,,,,,,,,,,,,,,,,,,,,,,,,,,,,,,,,,,,,,
3e2ecf89-e10e-4499-a4ef-e499b1e15d91,TB_FollowUP_TrtStatus_On_Treatment,,Misc,On Treatment,N/A,,,,,,,,,,,,,,,,,,,,,,,,,,,,,,,,,,,,,,,,,,,,,,,,,,,,,,,,,,,,,,,,,,,,,,,,,,,,,,,,,,,,,,,,,,,,,,,,,,
7b586ac7-a7c9-4eee-b022-8849a2a18ef8,TB_FollowUP_TrtStatus_Defaulted,,Misc,Defaulted,N/A,,,,,,,,,,,,,,,,,,,,,,,,,,,,,,,,,,,,,,,,,,,,,,,,,,,,,,,,,,,,,,,,,,,,,,,,,,,,,,,,,,,,,,,,,,,,,,,,,,
d9788e29-e8da-4513-9362-54c9ac2c5e40,TB_FollowUP_TrtStatus_Completed,,Misc,Recovered,N/A,,,,,,,,,,,,,,,,,,,,,,,,,,,,,,,,,,,,,,,,,,,,,,,,,,,,,,,,,,,,,,,,,,,,,,,,,,,,,,,,,,,,,,,,,,,,,,,,,,
fed01023-e63d-48c2-8f85-0aefa73eb1d0,TB_FollowUP_TrtStatus_Death,,Misc,Died,N/A,,,,,,,,,,,,,,,,,,,,,,,,,,,,,,,,,,,,,,,,,,,,,,,,,,,,,,,,,,,,,,,,,,,,,,,,,,,,,,,,,,,,,,,,,,,,,,,,,,
664e9420-f2e3-46ec-afb1-85f54c53f0ea,TB_FollowUP_Treatment_Status,,Misc,Treatment Status,Coded,,,,,,,TB_FollowUP_TrtStatus_On_Treatment,TB_FollowUP_TrtStatus_Defaulted,TB_FollowUP_TrtStatus_Completed,TB_FollowUP_TrtStatus_Death,,,,,,,,,,,,,,,,,,,,,,,,,,,,,,,,,,,,,,,,,,,,,,,,,,,,,,,,,,,,,,,,,,,,,,,,,,,,,,,,,,,,,,,,
0abbd475-c73f-4666-a809-aff4b9bc49dd,Acute ear infection,,Misc,,N/A,,,,,,,,,,,,,,,,,,,,,,,,,,,,,,,,,,,,,,,,,,,,,,,,,,,,,,,,,,,,,,,,,,,,,,,,,,,,,,,,,,,,,,,,,,,,,,,,,,
1dcf4080-97a3-4835-9819-a89372c4eabb,Acute Otitis Media,,Misc,,N/A,,,,,,,,,,,,,,,,,,,,,,,,,,,,,,,,,,,,,,,,,,,,,,,,,,,,,,,,,,,,,,,,,,,,,,,,,,,,,,,,,,,,,,,,,,,,,,,,,,
c39d6173-1c12-4e5f-98f9-231c8ebc23b8,Anemia_diagnosis,,Misc,Anemia,N/A,,,,,,,,,,,,,,,,,,,,,,,,,,,,,,,,,,,,,,,,,,,,,,,,,,,,,,,,,,,,,,,,,,,,,,,,,,,,,,,,,,,,,,,,,,,,,,,,,,
11ca83c4-a2d4-47cb-ae4a-0d33f0ba5703,Asthma,,Misc,,N/A,,,,,,,,,,,,,,,,,,,,,,,,,,,,,,,,,,,,,,,,,,,,,,,,,,,,,,,,,,,,,,,,,,,,,,,,,,,,,,,,,,,,,,,,,,,,,,,,,,
ed6d5bcf-c1c5-44c7-a0e1-3e9d2a26fb07,Cataract,,Misc,,N/A,,,,,,,,,,,,,,,,,,,,,,,,,,,,,,,,,,,,,,,,,,,,,,,,,,,,,,,,,,,,,,,,,,,,,,,,,,,,,,,,,,,,,,,,,,,,,,,,,,
bf1d9753-6140-4abe-a19e-c003016e889e,Cataract Surgery,,Misc,,N/A,,,,,,,,,,,,,,,,,,,,,,,,,,,,,,,,,,,,,,,,,,,,,,,,,,,,,,,,,,,,,,,,,,,,,,,,,,,,,,,,,,,,,,,,,,,,,,,,,,
1c840894-634a-48bb-a66e-0915d3272a12,Child Immunised,,Misc,,N/A,,,,,,,,,,,,,,,,,,,,,,,,,,,,,,,,,,,,,,,,,,,,,,,,,,,,,,,,,,,,,,,,,,,,,,,,,,,,,,,,,,,,,,,,,,,,,,,,,,
106d6948-8f00-4b2e-8612-afaa994b99bc,Chronic Bronchitis,,Misc,,N/A,,,,,,,,,,,,,,,,,,,,,,,,,,,,,,,,,,,,,,,,,,,,,,,,,,,,,,,,,,,,,,,,,,,,,,,,,,,,,,,,,,,,,,,,,,,,,,,,,,
c5742101-d17d-4384-a204-bdd4a8bcad97,Chronic Ear Infection,,Misc,,N/A,,,,,,,,,,,,,,,,,,,,,,,,,,,,,,,,,,,,,,,,,,,,,,,,,,,,,,,,,,,,,,,,,,,,,,,,,,,,,,,,,,,,,,,,,,,,,,,,,,
a38acff3-0961-4059-b4b7-f14da0cda3fa,Chronic Lung disease,,Misc,,N/A,,,,,,,,,,,,,,,,,,,,,,,,,,,,,,,,,,,,,,,,,,,,,,,,,,,,,,,,,,,,,,,,,,,,,,,,,,,,,,,,,,,,,,,,,,,,,,,,,,
99c2d1b8-4113-4ab0-bc38-e11696bd3d82,Clinical Malaria,,Misc,,N/A,,,,,,,,,,,,,,,,,,,,,,,,,,,,,,,,,,,,,,,,,,,,,,,,,,,,,,,,,,,,,,,,,,,,,,,,,,,,,,,,,,,,,,,,,,,,,,,,,,
6cd95fa4-edbc-4a7f-ba0f-2f19a747ec10,Confirmation of pregnancy,,Misc,,N/A,,,,,,,,,,,,,,,,,,,,,,,,,,,,,,,,,,,,,,,,,,,,,,,,,,,,,,,,,,,,,,,,,,,,,,,,,,,,,,,,,,,,,,,,,,,,,,,,,,
7e14aef8-42cc-433b-a97e-9a4520bb0038,Confirmed Malaria Falciparum,,Misc,,N/A,,,,,,,,,,,,,,,,,,,,,,,,,,,,,,,,,,,,,,,,,,,,,,,,,,,,,,,,,,,,,,,,,,,,,,,,,,,,,,,,,,,,,,,,,,,,,,,,,,
8b1cf7e9-58cc-4431-81df-04827224f1e7,Confirmed Malaria Mixed,,Misc,,N/A,,,,,,,,,,,,,,,,,,,,,,,,,,,,,,,,,,,,,,,,,,,,,,,,,,,,,,,,,,,,,,,,,,,,,,,,,,,,,,,,,,,,,,,,,,,,,,,,,,
c1171af8-9407-4e48-a56c-ca8823a09ff1,Confirmed Malaria Vivax,,Misc,,N/A,,,,,,,,,,,,,,,,,,,,,,,,,,,,,,,,,,,,,,,,,,,,,,,,,,,,,,,,,,,,,,,,,,,,,,,,,,,,,,,,,,,,,,,,,,,,,,,,,,
aaa09cdb-b01b-4cf0-8361-163ce6942615,Confirmed TB,,Misc,,N/A,,,,,,,,,,,,,,,,,,,,,,,,,,,,,,,,,,,,,,,,,,,,,,,,,,,,,,,,,,,,,,,,,,,,,,,,,,,,,,,,,,,,,,,,,,,,,,,,,,
0f2e398d-e26f-4c54-96b1-0fef2dd9160d,Confirmed TB Micro Negative Newly detected,,Misc,,N/A,,,,,,,,,,,,,,,,,,,,,,,,,,,,,,,,,,,,,,,,,,,,,,,,,,,,,,,,,,,,,,,,,,,,,,,,,,,,,,,,,,,,,,,,,,,,,,,,,,
f5ec67d2-9af8-4d4b-a58b-f67735c969db,Confirmed TB Micro Negative Previously Treated,,Misc,,N/A,,,,,,,,,,,,,,,,,,,,,,,,,,,,,,,,,,,,,,,,,,,,,,,,,,,,,,,,,,,,,,,,,,,,,,,,,,,,,,,,,,,,,,,,,,,,,,,,,,
1e3f1870-b252-4808-8edb-f86fad050ebd,Diabetes,,Misc,,N/A,,,,,,,,,,,,,,,,,,,,,,,,,,,,,,,,,,,,,,,,,,,,,,,,,,,,,,,,,,,,,,,,,,,,,,,,,,,,,,,,,,,,,,,,,,,,,,,,,,
a7671f38-13f0-4103-a274-6a0636c1c987,Diabetes Type 1,,Misc,,N/A,,,,,,,,,,,,,,,,,,,,,,,,,,,,,,,,,,,,,,,,,,,,,,,,,,,,,,,,,,,,,,,,,,,,,,,,,,,,,,,,,,,,,,,,,,,,,,,,,,
db4f3306-dd79-4bc8-ba6d-8e500d9c0779,Diabetes Type 2,,Misc,,N/A,,,,,,,,,,,,,,,,,,,,,,,,,,,,,,,,,,,,,,,,,,,,,,,,,,,,,,,,,,,,,,,,,,,,,,,,,,,,,,,,,,,,,,,,,,,,,,,,,,
9150cd6b-8aa2-4459-a941-a836356e727b,Diarrhea with dehydration,,Misc,,N/A,,,,,,,,,,,,,,,,,,,,,,,,,,,,,,,,,,,,,,,,,,,,,,,,,,,,,,,,,,,,,,,,,,,,,,,,,,,,,,,,,,,,,,,,,,,,,,,,,,
a4788276-0ca7-477d-88e8-bd3d8e5ba206,Diarrhea with no dehydration,,Misc,,N/A,,,,,,,,,,,,,,,,,,,,,,,,,,,,,,,,,,,,,,,,,,,,,,,,,,,,,,,,,,,,,,,,,,,,,,,,,,,,,,,,,,,,,,,,,,,,,,,,,,
b9220350-6920-40aa-a943-6b3c50c4cfc2,Diarrhea with severe dehydration,,Misc,,N/A,,,,,,,,,,,,,,,,,,,,,,,,,,,,,,,,,,,,,,,,,,,,,,,,,,,,,,,,,,,,,,,,,,,,,,,,,,,,,,,,,,,,,,,,,,,,,,,,,,
699ce104-097d-4ace-9286-b18f9b7f63c8,Diarrhea with some dehydration,,Misc,,N/A,,,,,,,,,,,,,,,,,,,,,,,,,,,,,,,,,,,,,,,,,,,,,,,,,,,,,,,,,,,,,,,,,,,,,,,,,,,,,,,,,,,,,,,,,,,,,,,,,,
f7207b35-2c1b-4ecd-a1c3-76d424e31261,DMPA Complications,,Misc,,N/A,,,,,,,,,,,,,,,,,,,,,,,,,,,,,,,,,,,,,,,,,,,,,,,,,,,,,,,,,,,,,,,,,,,,,,,,,,,,,,,,,,,,,,,,,,,,,,,,,,
6727ae28-cc8e-4603-8def-bb4c4d7662e5,DMPA First,,Misc,,N/A,,,,,,,,,,,,,,,,,,,,,,,,,,,,,,,,,,,,,,,,,,,,,,,,,,,,,,,,,,,,,,,,,,,,,,,,,,,,,,,,,,,,,,,,,,,,,,,,,,
89baa334-0536-49a2-a50e-50a61f87481b,DMPA Subsequent,,Misc,,N/A,,,,,,,,,,,,,,,,,,,,,,,,,,,,,,,,,,,,,,,,,,,,,,,,,,,,,,,,,,,,,,,,,,,,,,,,,,,,,,,,,,,,,,,,,,,,,,,,,,
c9545bae-da0f-4dbf-9275-aca3f59149fe,Dysentry,,Misc,,N/A,,,,,,,,,,,,,,,,,,,,,,,,,,,,,,,,,,,,,,,,,,,,,,,,,,,,,,,,,,,,,,,,,,,,,,,,,,,,,,,,,,,,,,,,,,,,,,,,,,
824dd584-43ab-4aa2-8e55-9f3d3953cc71,Enteric Fever,,Misc,,N/A,,,,,,,,,,,,,,,,,,,,,,,,,,,,,,,,,,,,,,,,,,,,,,,,,,,,,,,,,,,,,,,,,,,,,,,,,,,,,,,,,,,,,,,,,,,,,,,,,,
55cea108-7c2e-46f6-b3eb-8e5d58415162,Extra-pulmonary TB Newly Treated,,Misc,,N/A,,,,,,,,,,,,,,,,,,,,,,,,,,,,,,,,,,,,,,,,,,,,,,,,,,,,,,,,,,,,,,,,,,,,,,,,,,,,,,,,,,,,,,,,,,,,,,,,,,
a9bdda54-b3d4-4be5-8e80-7b1a0be621d0,Extra-pulmonary TB Previously Treated,,Misc,,N/A,,,,,,,,,,,,,,,,,,,,,,,,,,,,,,,,,,,,,,,,,,,,,,,,,,,,,,,,,,,,,,,,,,,,,,,,,,,,,,,,,,,,,,,,,,,,,,,,,,
771136a3-ec67-42db-a5df-59172b1faf72,Gastritis,,Misc,,N/A,,,,,,,,,,,,,,,,,,,,,,,,,,,,,,,,,,,,,,,,,,,,,,,,,,,,,,,,,,,,,,,,,,,,,,,,,,,,,,,,,,,,,,,,,,,,,,,,,,
3b4f1bce-7f84-4d34-9728-6ef4aa34c49f,Hepatitis,,Misc,,N/A,,,,,,,,,,,,,,,,,,,,,,,,,,,,,,,,,,,,,,,,,,,,,,,,,,,,,,,,,,,,,,,,,,,,,,,,,,,,,,,,,,,,,,,,,,,,,,,,,,
8961717d-b30d-46b1-b917-ff5a463fcb51,Hypertension,,Misc,,N/A,,,,,,,,,,,,,,,,,,,,,,,,,,,,,,,,,,,,,,,,,,,,,,,,,,,,,,,,,,,,,,,,,,,,,,,,,,,,,,,,,,,,,,,,,,,,,,,,,,
1fa53cd0-4e15-11e4-8a57-0800271c1b75,Infertility,,Misc,Infertility,N/A,,,,,,,,,,,,,,,,,,,,,,,,,,,,,,,,,,,,,,,,,,,,,,,,,,,,,,,,,,,,,,,,,,,,,,,,,,,,,,,,,,,,,,,,,,,,,,,,,,
51084300-b785-4e09-995f-efbcddc8cafb,Injury with stitches,,Misc,,N/A,,,,,,,,,,,,,,,,,,,,,,,,,,,,,,,,,,,,,,,,,,,,,,,,,,,,,,,,,,,,,,,,,,,,,,,,,,,,,,,,,,,,,,,,,,,,,,,,,,
126cca5f-e0f8-4364-af50-88970069808e,Injury without stiches,,Misc,,N/A,,,,,,,,,,,,,,,,,,,,,,,,,,,,,,,,,,,,,,,,,,,,,,,,,,,,,,,,,,,,,,,,,,,,,,,,,,,,,,,,,,,,,,,,,,,,,,,,,,
bdc9b494-b53f-4799-83ce-5872efe81d44,"Leprosy, Template",,Misc,Leprosy,N/A,,,,,,,,,,,,,,,,,,,,,,,,,,,,,,,,,,,,,,,,,,,,,,,,,,,,,,,,,,,,,,,,,,,,,,,,,,,,,,,,,,,,,,,,,,,,,,,,,,
94e8418d-a07b-4e06-a6d2-e9dc57e44759,Lower Respiratory Tract Infection,,Misc,,N/A,,,,,,,,,,,,,,,,,,,,,,,,,,,,,,,,,,,,,,,,,,,,,,,,,,,,,,,,,,,,,,,,,,,,,,,,,,,,,,,,,,,,,,,,,,,,,,,,,,
7405958d-7882-4208-bfb5-b765b636df7d,Malaria falciparum,,Misc,,N/A,,,,,,,,,,,,,,,,,,,,,,,,,,,,,,,,,,,,,,,,,,,,,,,,,,,,,,,,,,,,,,,,,,,,,,,,,,,,,,,,,,,,,,,,,,,,,,,,,,
b56a7c6c-9045-4c4d-b6e6-d470dbcc7d43,Malaria -mixed,,Misc,,N/A,,,,,,,,,,,,,,,,,,,,,,,,,,,,,,,,,,,,,,,,,,,,,,,,,,,,,,,,,,,,,,,,,,,,,,,,,,,,,,,,,,,,,,,,,,,,,,,,,,
523c7d77-55a8-42c0-b99c-7c873b0bac33,Malaria Vivax,,Misc,,N/A,,,,,,,,,,,,,,,,,,,,,,,,,,,,,,,,,,,,,,,,,,,,,,,,,,,,,,,,,,,,,,,,,,,,,,,,,,,,,,,,,,,,,,,,,,,,,,,,,,
56edd9f3-0885-4f17-bc78-8358b38f6100,Malnutrition,,Misc,,N/A,,,,,,,,,,,,,,,,,,,,,,,,,,,,,,,,,,,,,,,,,,,,,,,,,,,,,,,,,,,,,,,,,,,,,,,,,,,,,,,,,,,,,,,,,,,,,,,,,,
efd2679c-4e14-11e4-8a57-0800271c1b75,Measles,,Misc,,N/A,,,,,,,,,,,,,,,,,,,,,,,,,,,,,,,,,,,,,,,,,,,,,,,,,,,,,,,,,,,,,,,,,,,,,,,,,,,,,,,,,,,,,,,,,,,,,,,,,,
cba5d609-5600-4b85-b026-e34daa4386cc,Medical Abortion with complication,,Misc,,N/A,,,,,,,,,,,,,,,,,,,,,,,,,,,,,,,,,,,,,,,,,,,,,,,,,,,,,,,,,,,,,,,,,,,,,,,,,,,,,,,,,,,,,,,,,,,,,,,,,,
a87bc81d-59d2-450e-8a3f-fb2ccb66991f,Medical method of abortion,,Misc,,N/A,,,,,,,,,,,,,,,,,,,,,,,,,,,,,,,,,,,,,,,,,,,,,,,,,,,,,,,,,,,,,,,,,,,,,,,,,,,,,,,,,,,,,,,,,,,,,,,,,,
642d773e-b4fa-4483-a2f4-110160bb6016,Menstrual Disorder-Menorrhagia_Irregular_Intermenstrual Bleeding,,Misc,Menstrual Disorder-Menorrhagia Irregular Intermenstrual Bleeding,N/A,,,,,,,,,,,,,,,,,,,,,,,,,,,,,,,,,,,,,,,,,,,,,,,,,,,,,,,,,,,,,,,,,,,,,,,,,,,,,,,,,,,,,,,,,,,,,,,,,,
9d2693a6-2ae3-43a4-963d-3d611dff8996,Menstrual Disorders,,Misc,,N/A,,,,,,,,,,,,,,,,,,,,,,,,,,,,,,,,,,,,,,,,,,,,,,,,,,,,,,,,,,,,,,,,,,,,,,,,,,,,,,,,,,,,,,,,,,,,,,,,,,
2d7da291-a36a-439e-951a-71482659a667,Micro Confirmed TB Newly detected,,Misc,,N/A,,,,,,,,,,,,,,,,,,,,,,,,,,,,,,,,,,,,,,,,,,,,,,,,,,,,,,,,,,,,,,,,,,,,,,,,,,,,,,,,,,,,,,,,,,,,,,,,,,
18f2b3e6-7bbf-45a9-8487-adaa191d290c,Micro Confirmed TB Previously Treated,,Misc,,N/A,,,,,,,,,,,,,,,,,,,,,,,,,,,,,,,,,,,,,,,,,,,,,,,,,,,,,,,,,,,,,,,,,,,,,,,,,,,,,,,,,,,,,,,,,,,,,,,,,,
4a339dc6-ebfa-4be8-be05-c7f0b5394025,Mono Drug Resistance TB,,Misc,,N/A,,,,,,,,,,,,,,,,,,,,,,,,,,,,,,,,,,,,,,,,,,,,,,,,,,,,,,,,,,,,,,,,,,,,,,,,,,,,,,,,,,,,,,,,,,,,,,,,,,
2f47f27b-6ecb-44b1-aef1-ea852b10b77f,Multi Drug Resistance TB,,Misc,,N/A,,,,,,,,,,,,,,,,,,,,,,,,,,,,,,,,,,,,,,,,,,,,,,,,,,,,,,,,,,,,,,,,,,,,,,,,,,,,,,,,,,,,,,,,,,,,,,,,,,
7cdaa088-d3d6-4ff8-9ed4-c46131acc383,Myalgia-non specific bodyache,,Misc,,N/A,,,,,,,,,,,,,,,,,,,,,,,,,,,,,,,,,,,,,,,,,,,,,,,,,,,,,,,,,,,,,,,,,,,,,,,,,,,,,,,,,,,,,,,,,,,,,,,,,,
733d8e29-0de8-42de-af2d-4c7f21b26d8e,No pneumonia cough and cold,,Misc,,N/A,,,,,,,,,,,,,,,,,,,,,,,,,,,,,,,,,,,,,,,,,,,,,,,,,,,,,,,,,,,,,,,,,,,,,,,,,,,,,,,,,,,,,,,,,,,,,,,,,,
9b76de10-cbee-4b8a-901e-81e39936dd7e,Oral Contraceptives,,Misc,OCP,N/A,,,,,,,,,,,,,,,,,,,,,,,,,,,,,,,,,,,,,,,,,,,,,,,,,,,,,,,,,,,,,,,,,,,,,,,,,,,,,,,,,,,,,,,,,,,,,,,,,,
a690c982-0239-4ce5-95d5-2cb0fa67ea76,Osteoarthritis,,Misc,,N/A,,,,,,,,,,,,,,,,,,,,,,,,,,,,,,,,,,,,,,,,,,,,,,,,,,,,,,,,,,,,,,,,,,,,,,,,,,,,,,,,,,,,,,,,,,,,,,,,,,
b77d83b1-3af2-4cda-b356-574b529a7b1e,Other_Diagnosis,,Misc,Other,N/A,,,,,,,,,,,,,,,,,,,,,,,,,,,,,,,,,,,,,,,,,,,,,,,,,,,,,,,,,,,,,,,,,,,,,,,,,,,,,,,,,,,,,,,,,,,,,,,,,,
62324388-d94b-4857-aefa-461bb848fcd9,Pelvic Inflammatory Disease,,Misc,,N/A,,,,,,,,,,,,,,,,,,,,,,,,,,,,,,,,,,,,,,,,,,,,,,,,,,,,,,,,,,,,,,,,,,,,,,,,,,,,,,,,,,,,,,,,,,,,,,,,,,
d0dc3aa8-7c25-414c-8f84-fc45895c6bfe,Persistent diarrhea,,Misc,,N/A,,,,,,,,,,,,,,,,,,,,,,,,,,,,,,,,,,,,,,,,,,,,,,,,,,,,,,,,,,,,,,,,,,,,,,,,,,,,,,,,,,,,,,,,,,,,,,,,,,
e76d9b9b-7433-4114-b27b-7d16afcdc78c,PNC 1,,Misc,,N/A,,,,,,,,,,,,,,,,,,,,,,,,,,,,,,,,,,,,,,,,,,,,,,,,,,,,,,,,,,,,,,,,,,,,,,,,,,,,,,,,,,,,,,,,,,,,,,,,,,
da899718-a1c6-4d6f-81e4-f88bab6e5b67,PNC 2,,Misc,,N/A,,,,,,,,,,,,,,,,,,,,,,,,,,,,,,,,,,,,,,,,,,,,,,,,,,,,,,,,,,,,,,,,,,,,,,,,,,,,,,,,,,,,,,,,,,,,,,,,,,
a8f6ab86-d14e-4014-a202-917ae8044071,PNC 3,,Misc,,N/A,,,,,,,,,,,,,,,,,,,,,,,,,,,,,,,,,,,,,,,,,,,,,,,,,,,,,,,,,,,,,,,,,,,,,,,,,,,,,,,,,,,,,,,,,,,,,,,,,,
66183fe6-5084-4819-932a-0fa98f050ec1,PNC-1 Complications,,Misc,,N/A,,,,,,,,,,,,,,,,,,,,,,,,,,,,,,,,,,,,,,,,,,,,,,,,,,,,,,,,,,,,,,,,,,,,,,,,,,,,,,,,,,,,,,,,,,,,,,,,,,
a4738cd9-d0d7-4664-bce7-9328d5ad1064,PNC-2 Complications,,Misc,,N/A,,,,,,,,,,,,,,,,,,,,,,,,,,,,,,,,,,,,,,,,,,,,,,,,,,,,,,,,,,,,,,,,,,,,,,,,,,,,,,,,,,,,,,,,,,,,,,,,,,
4f2a9b46-b424-4a0a-b9c4-d405ac4e9fa1,PNC-3 Complications,,Misc,,N/A,,,,,,,,,,,,,,,,,,,,,,,,,,,,,,,,,,,,,,,,,,,,,,,,,,,,,,,,,,,,,,,,,,,,,,,,,,,,,,,,,,,,,,,,,,,,,,,,,,
3fc148f7-195b-46b7-bb44-6d0f217b9e40,Pneumonia,,Misc,,N/A,,,,,,,,,,,,,,,,,,,,,,,,,,,,,,,,,,,,,,,,,,,,,,,,,,,,,,,,,,,,,,,,,,,,,,,,,,,,,,,,,,,,,,,,,,,,,,,,,,
f99e8323-809d-462b-bf81-118163a9b6ad,Reproductive Tract Infection,,Misc,,N/A,,,,,,,,,,,,,,,,,,,,,,,,,,,,,,,,,,,,,,,,,,,,,,,,,,,,,,,,,,,,,,,,,,,,,,,,,,,,,,,,,,,,,,,,,,,,,,,,,,
4c27eaac-95a6-4360-ba5b-afb7192852a6,Rheumatic Heart Disease-RHD,,Misc,,N/A,,,,,,,,,,,,,,,,,,,,,,,,,,,,,,,,,,,,,,,,,,,,,,,,,,,,,,,,,,,,,,,,,,,,,,,,,,,,,,,,,,,,,,,,,,,,,,,,,,
8ebc8a5b-86e7-47dd-b226-80d661b0c78a,Septicaemia,,Misc,,N/A,,,,,,,,,,,,,,,,,,,,,,,,,,,,,,,,,,,,,,,,,,,,,,,,,,,,,,,,,,,,,,,,,,,,,,,,,,,,,,,,,,,,,,,,,,,,,,,,,,
626ade65-cf0e-4737-9de0-6bb61fb4a967,Severe anemia,,Misc,Severe Anemia,N/A,,,,,,,,,,,,,,,,,,,,,,,,,,,,,,,,,,,,,,,,,,,,,,,,,,,,,,,,,,,,,,,,,,,,,,,,,,,,,,,,,,,,,,,,,,,,,,,,,,
e355c0a0-cfc1-43da-8ce0-e56092663e8a,Severe Measles,,Misc,,N/A,,,,,,,,,,,,,,,,,,,,,,,,,,,,,,,,,,,,,,,,,,,,,,,,,,,,,,,,,,,,,,,,,,,,,,,,,,,,,,,,,,,,,,,,,,,,,,,,,,
9f445640-3364-41b4-a0d5-ed4034b3481d,Severe pneumonia,,Misc,,N/A,,,,,,,,,,,,,,,,,,,,,,,,,,,,,,,,,,,,,,,,,,,,,,,,,,,,,,,,,,,,,,,,,,,,,,,,,,,,,,,,,,,,,,,,,,,,,,,,,,
c41e4829-19e8-463a-955e-977fb57b4b49,Severe undernutrition,,Misc,,N/A,,,,,,,,,,,,,,,,,,,,,,,,,,,,,,,,,,,,,,,,,,,,,,,,,,,,,,,,,,,,,,,,,,,,,,,,,,,,,,,,,,,,,,,,,,,,,,,,,,
20602687-d07a-49d9-869f-06d7d0cbe47f,Skin Disease - Impetigo,,Misc,,N/A,,,,,,,,,,,,,,,,,,,,,,,,,,,,,,,,,,,,,,,,,,,,,,,,,,,,,,,,,,,,,,,,,,,,,,,,,,,,,,,,,,,,,,,,,,,,,,,,,,
9c526555-e3c8-4d32-9a1d-da4a8af713fd,Skin Disease - Others,,Misc,,N/A,,,,,,,,,,,,,,,,,,,,,,,,,,,,,,,,,,,,,,,,,,,,,,,,,,,,,,,,,,,,,,,,,,,,,,,,,,,,,,,,,,,,,,,,,,,,,,,,,,
da3028f8-f998-43bf-9d0e-04ded113b4a3,Skin Disease - Scabies,,Misc,,N/A,,,,,,,,,,,,,,,,,,,,,,,,,,,,,,,,,,,,,,,,,,,,,,,,,,,,,,,,,,,,,,,,,,,,,,,,,,,,,,,,,,,,,,,,,,,,,,,,,,
8570c13e-a2fa-4c25-a0da-3c8e52912e96,Skin Disease - Tinea,,Misc,,N/A,,,,,,,,,,,,,,,,,,,,,,,,,,,,,,,,,,,,,,,,,,,,,,,,,,,,,,,,,,,,,,,,,,,,,,,,,,,,,,,,,,,,,,,,,,,,,,,,,,
74c21177-815a-4b1b-ba3d-0cfc4c1841ae,Skin disease- Dermatitis,,Misc,,N/A,,,,,,,,,,,,,,,,,,,,,,,,,,,,,,,,,,,,,,,,,,,,,,,,,,,,,,,,,,,,,,,,,,,,,,,,,,,,,,,,,,,,,,,,,,,,,,,,,,
3781b0da-d69c-431d-81a1-cce17e16e027,Skin diseases-Fungal,,Misc,,N/A,,,,,,,,,,,,,,,,,,,,,,,,,,,,,,,,,,,,,,,,,,,,,,,,,,,,,,,,,,,,,,,,,,,,,,,,,,,,,,,,,,,,,,,,,,,,,,,,,,
6da628c6-caba-44f5-ad47-f9b2a0a43761,Suspected TB,,Misc,,N/A,,,,,,,,,,,,,,,,,,,,,,,,,,,,,,,,,,,,,,,,,,,,,,,,,,,,,,,,,,,,,,,,,,,,,,,,,,,,,,,,,,,,,,,,,,,,,,,,,,
f8f00b53-14ac-4e83-881c-b2a5dd8960dd,TB Prophylaxis,,Misc,,N/A,,,,,,,,,,,,,,,,,,,,,,,,,,,,,,,,,,,,,,,,,,,,,,,,,,,,,,,,,,,,,,,,,,,,,,,,,,,,,,,,,,,,,,,,,,,,,,,,,,
8ea0a15c-6a4e-4074-ba6c-c9cb471890cc,TB treatment completed,,Misc,,N/A,,,,,,,,,,,,,,,,,,,,,,,,,,,,,,,,,,,,,,,,,,,,,,,,,,,,,,,,,,,,,,,,,,,,,,,,,,,,,,,,,,,,,,,,,,,,,,,,,,
a86f0bc0-046e-4b69-8e3f-41848e5caad9,Undernutrition,,Misc,,N/A,,,,,,,,,,,,,,,,,,,,,,,,,,,,,,,,,,,,,,,,,,,,,,,,,,,,,,,,,,,,,,,,,,,,,,,,,,,,,,,,,,,,,,,,,,,,,,,,,,
c7d535a8-be40-4128-9ed9-5fead48ad65c,URI,,Misc,,N/A,,,,,,,,,,,,,,,,,,,,,,,,,,,,,,,,,,,,,,,,,,,,,,,,,,,,,,,,,,,,,,,,,,,,,,,,,,,,,,,,,,,,,,,,,,,,,,,,,,
06fdcca2-7608-46e6-8b38-ab4423a9524e,UTI,,Misc,,N/A,,,,,,,,,,,,,,,,,,,,,,,,,,,,,,,,,,,,,,,,,,,,,,,,,,,,,,,,,,,,,,,,,,,,,,,,,,,,,,,,,,,,,,,,,,,,,,,,,,
e835cbdd-283b-445c-968b-8c8d0d43cd08,Wants Contraception,,Misc,,N/A,,,,,,,,,,,,,,,,,,,,,,,,,,,,,,,,,,,,,,,,,,,,,,,,,,,,,,,,,,,,,,,,,,,,,,,,,,,,,,,,,,,,,,,,,,,,,,,,,,
315982db-233b-41f0-a059-fe810151d9a9,Wants termination of pregnancy,,Misc,,N/A,,,,,,,,,,,,,,,,,,,,,,,,,,,,,,,,,,,,,,,,,,,,,,,,,,,,,,,,,,,,,,,,,,,,,,,,,,,,,,,,,,,,,,,,,,,,,,,,,,
dcf15c79-0f12-498d-8dd6-4fa14c389373,TB_Intake_Any_Other_Diagnosis,,Misc,Diagnosis,Coded,,,,,,,Acute ear infection,Acute Otitis Media,Anemia_diagnosis,Asthma,Cataract,Cataract Surgery,Child Immunised,Chronic Bronchitis,Chronic Ear Infection,Chronic Lung disease,Clinical Malaria,Confirmation of pregnancy,Confirmed Malaria Falciparum,Confirmed Malaria Mixed,Confirmed Malaria Vivax,Confirmed TB,Confirmed TB Micro Negative Newly detected,Confirmed TB Micro Negative Previously Treated,Diabetes,Diabetes Type 1,Diabetes Type 2,Diarrhea with dehydration,Diarrhea with no dehydration,Diarrhea with severe dehydration,Diarrhea with some dehydration,DMPA Complications,DMPA First,DMPA Subsequent,Dysentry,Enteric Fever,Extra-pulmonary TB Newly Treated,Extra-pulmonary TB Previously Treated,Gastritis,Hepatitis,Hypertension,Infertility,Injury with stitches,Injury without stiches,"Leprosy, Template",Lower Respiratory Tract Infection,Malaria falciparum,Malaria -mixed,Malaria Vivax,Malnutrition,Measles,Medical Abortion with complication,Medical method of abortion,Menstrual Disorder-Menorrhagia_Irregular_Intermenstrual Bleeding,Menstrual Disorders,Micro Confirmed TB Newly detected,Micro Confirmed TB Previously Treated,Mono Drug Resistance TB,Multi Drug Resistance TB,Myalgia-non specific bodyache,No pneumonia cough and cold,Oral Contraceptives,Osteoarthritis,Other_Diagnosis,Pelvic Inflammatory Disease,Persistent diarrhea,PNC 1,PNC 2,PNC 3,PNC-1 Complications,PNC-2 Complications,PNC-3 Complications,Pneumonia,Reproductive Tract Infection,Rheumatic Heart Disease-RHD,Septicaemia,Severe anemia,Severe Measles,Severe pneumonia,Severe undernutrition,Skin Disease - Impetigo,Skin Disease - Others,Skin Disease - Scabies,Skin Disease - Tinea,Skin disease- Dermatitis,Skin diseases-Fungal,Suspected TB,TB Prophylaxis,TB treatment completed,Undernutrition,URI,UTI,Wants Contraception,Wants termination of pregnancy,,,,
5e5e54c9-6bd0-4e51-9362-a91bb238c385,TB_FollowUP_Visit_Impresion_Improving,,Misc,Improving,N/A,,,,,,,,,,,,,,,,,,,,,,,,,,,,,,,,,,,,,,,,,,,,,,,,,,,,,,,,,,,,,,,,,,,,,,,,,,,,,,,,,,,,,,,,,,,,,,,,,,
f4dbcc19-da8f-4660-9df0-b9af1dc47b45,TB_FollowUP_Visit_Impresion_Worsening,,Misc,Worsening,N/A,,,,,,,,,,,,,,,,,,,,,,,,,,,,,,,,,,,,,,,,,,,,,,,,,,,,,,,,,,,,,,,,,,,,,,,,,,,,,,,,,,,,,,,,,,,,,,,,,,
82f0b641-4ffc-43e8-90e3-9031b04459ea,TB_FollowUP_Visit_Impresion,,Misc,Visit Impresion,Coded,,,,,,,TB_FollowUP_Visit_Impresion_Improving,TB_FollowUP_Visit_Impresion_Worsening,,,,,,,,,,,,,,,,,,,,,,,,,,,,,,,,,,,,,,,,,,,,,,,,,,,,,,,,,,,,,,,,,,,,,,,,,,,,,,,,,,,,,,,,,,
07f8dbed-e225-40e6-a089-0c5c43fe28f6,TB_Severe_Illness,,Misc,Severe Illness,Boolean,,,,,,,,,,,,,,,,,,,,,,,,,,,,,,,,,,,,,,,,,,,,,,,,,,,,,,,,,,,,,,,,,,,,,,,,,,,,,,,,,,,,,,,,,,,,,,,,,,
4046df19-f98c-4415-805a-60a655cb624a,TB_Need_for_Referral,,Misc,Need for Referral,Boolean,,,,,,,,,,,,,,,,,,,,,,,,,,,,,,,,,,,,,,,,,,,,,,,,,,,,,,,,,,,,,,,,,,,,,,,,,,,,,,,,,,,,,,,,,,,,,,,,,,
72ccc6c7-25b6-4965-afe9-bc283d3b4f51,GLOBAL_Patient_Referred,,Misc,Patient referred,Boolean,,,,,,,,,,,,,,,,,,,,,,,,,,,,,,,,,,,,,,,,,,,,,,,,,,,,,,,,,,,,,,,,,,,,,,,,,,,,,,,,,,,,,,,,,,,,,,,,,,
a63f131b-14b6-480e-bfdd-86ac9cbca0db,GLOBAL_Patient_Admitted,,Misc,Patient admitted,Boolean,,,,,,,,,,,,,,,,,,,,,,,,,,,,,,,,,,,,,,,,,,,,,,,,,,,,,,,,,,,,,,,,,,,,,,,,,,,,,,,,,,,,,,,,,,,,,,,,,,
0abbd475-c73f-4666-a809-aff4b9bc49dd,Acute ear infection,,Misc,,N/A,,,,,,,,,,,,,,,,,,,,,,,,,,,,,,,,,,,,,,,,,,,,,,,,,,,,,,,,,,,,,,,,,,,,,,,,,,,,,,,,,,,,,,,,,,,,,,,,,,
1dcf4080-97a3-4835-9819-a89372c4eabb,Acute Otitis Media,,Misc,,N/A,,,,,,,,,,,,,,,,,,,,,,,,,,,,,,,,,,,,,,,,,,,,,,,,,,,,,,,,,,,,,,,,,,,,,,,,,,,,,,,,,,,,,,,,,,,,,,,,,,
c39d6173-1c12-4e5f-98f9-231c8ebc23b8,Anemia_diagnosis,,Misc,Anemia,N/A,,,,,,,,,,,,,,,,,,,,,,,,,,,,,,,,,,,,,,,,,,,,,,,,,,,,,,,,,,,,,,,,,,,,,,,,,,,,,,,,,,,,,,,,,,,,,,,,,,
11ca83c4-a2d4-47cb-ae4a-0d33f0ba5703,Asthma,,Misc,,N/A,,,,,,,,,,,,,,,,,,,,,,,,,,,,,,,,,,,,,,,,,,,,,,,,,,,,,,,,,,,,,,,,,,,,,,,,,,,,,,,,,,,,,,,,,,,,,,,,,,
ed6d5bcf-c1c5-44c7-a0e1-3e9d2a26fb07,Cataract,,Misc,,N/A,,,,,,,,,,,,,,,,,,,,,,,,,,,,,,,,,,,,,,,,,,,,,,,,,,,,,,,,,,,,,,,,,,,,,,,,,,,,,,,,,,,,,,,,,,,,,,,,,,
bf1d9753-6140-4abe-a19e-c003016e889e,Cataract Surgery,,Misc,,N/A,,,,,,,,,,,,,,,,,,,,,,,,,,,,,,,,,,,,,,,,,,,,,,,,,,,,,,,,,,,,,,,,,,,,,,,,,,,,,,,,,,,,,,,,,,,,,,,,,,
1c840894-634a-48bb-a66e-0915d3272a12,Child Immunised,,Misc,,N/A,,,,,,,,,,,,,,,,,,,,,,,,,,,,,,,,,,,,,,,,,,,,,,,,,,,,,,,,,,,,,,,,,,,,,,,,,,,,,,,,,,,,,,,,,,,,,,,,,,
106d6948-8f00-4b2e-8612-afaa994b99bc,Chronic Bronchitis,,Misc,,N/A,,,,,,,,,,,,,,,,,,,,,,,,,,,,,,,,,,,,,,,,,,,,,,,,,,,,,,,,,,,,,,,,,,,,,,,,,,,,,,,,,,,,,,,,,,,,,,,,,,
c5742101-d17d-4384-a204-bdd4a8bcad97,Chronic Ear Infection,,Misc,,N/A,,,,,,,,,,,,,,,,,,,,,,,,,,,,,,,,,,,,,,,,,,,,,,,,,,,,,,,,,,,,,,,,,,,,,,,,,,,,,,,,,,,,,,,,,,,,,,,,,,
a38acff3-0961-4059-b4b7-f14da0cda3fa,Chronic Lung disease,,Misc,,N/A,,,,,,,,,,,,,,,,,,,,,,,,,,,,,,,,,,,,,,,,,,,,,,,,,,,,,,,,,,,,,,,,,,,,,,,,,,,,,,,,,,,,,,,,,,,,,,,,,,
99c2d1b8-4113-4ab0-bc38-e11696bd3d82,Clinical Malaria,,Misc,,N/A,,,,,,,,,,,,,,,,,,,,,,,,,,,,,,,,,,,,,,,,,,,,,,,,,,,,,,,,,,,,,,,,,,,,,,,,,,,,,,,,,,,,,,,,,,,,,,,,,,
6cd95fa4-edbc-4a7f-ba0f-2f19a747ec10,Confirmation of pregnancy,,Misc,,N/A,,,,,,,,,,,,,,,,,,,,,,,,,,,,,,,,,,,,,,,,,,,,,,,,,,,,,,,,,,,,,,,,,,,,,,,,,,,,,,,,,,,,,,,,,,,,,,,,,,
7e14aef8-42cc-433b-a97e-9a4520bb0038,Confirmed Malaria Falciparum,,Misc,,N/A,,,,,,,,,,,,,,,,,,,,,,,,,,,,,,,,,,,,,,,,,,,,,,,,,,,,,,,,,,,,,,,,,,,,,,,,,,,,,,,,,,,,,,,,,,,,,,,,,,
8b1cf7e9-58cc-4431-81df-04827224f1e7,Confirmed Malaria Mixed,,Misc,,N/A,,,,,,,,,,,,,,,,,,,,,,,,,,,,,,,,,,,,,,,,,,,,,,,,,,,,,,,,,,,,,,,,,,,,,,,,,,,,,,,,,,,,,,,,,,,,,,,,,,
c1171af8-9407-4e48-a56c-ca8823a09ff1,Confirmed Malaria Vivax,,Misc,,N/A,,,,,,,,,,,,,,,,,,,,,,,,,,,,,,,,,,,,,,,,,,,,,,,,,,,,,,,,,,,,,,,,,,,,,,,,,,,,,,,,,,,,,,,,,,,,,,,,,,
aaa09cdb-b01b-4cf0-8361-163ce6942615,Confirmed TB,,Misc,,N/A,,,,,,,,,,,,,,,,,,,,,,,,,,,,,,,,,,,,,,,,,,,,,,,,,,,,,,,,,,,,,,,,,,,,,,,,,,,,,,,,,,,,,,,,,,,,,,,,,,
0f2e398d-e26f-4c54-96b1-0fef2dd9160d,Confirmed TB Micro Negative Newly detected,,Misc,,N/A,,,,,,,,,,,,,,,,,,,,,,,,,,,,,,,,,,,,,,,,,,,,,,,,,,,,,,,,,,,,,,,,,,,,,,,,,,,,,,,,,,,,,,,,,,,,,,,,,,
f5ec67d2-9af8-4d4b-a58b-f67735c969db,Confirmed TB Micro Negative Previously Treated,,Misc,,N/A,,,,,,,,,,,,,,,,,,,,,,,,,,,,,,,,,,,,,,,,,,,,,,,,,,,,,,,,,,,,,,,,,,,,,,,,,,,,,,,,,,,,,,,,,,,,,,,,,,
1e3f1870-b252-4808-8edb-f86fad050ebd,Diabetes,,Misc,,N/A,,,,,,,,,,,,,,,,,,,,,,,,,,,,,,,,,,,,,,,,,,,,,,,,,,,,,,,,,,,,,,,,,,,,,,,,,,,,,,,,,,,,,,,,,,,,,,,,,,
a7671f38-13f0-4103-a274-6a0636c1c987,Diabetes Type 1,,Misc,,N/A,,,,,,,,,,,,,,,,,,,,,,,,,,,,,,,,,,,,,,,,,,,,,,,,,,,,,,,,,,,,,,,,,,,,,,,,,,,,,,,,,,,,,,,,,,,,,,,,,,
db4f3306-dd79-4bc8-ba6d-8e500d9c0779,Diabetes Type 2,,Misc,,N/A,,,,,,,,,,,,,,,,,,,,,,,,,,,,,,,,,,,,,,,,,,,,,,,,,,,,,,,,,,,,,,,,,,,,,,,,,,,,,,,,,,,,,,,,,,,,,,,,,,
9150cd6b-8aa2-4459-a941-a836356e727b,Diarrhea with dehydration,,Misc,,N/A,,,,,,,,,,,,,,,,,,,,,,,,,,,,,,,,,,,,,,,,,,,,,,,,,,,,,,,,,,,,,,,,,,,,,,,,,,,,,,,,,,,,,,,,,,,,,,,,,,
a4788276-0ca7-477d-88e8-bd3d8e5ba206,Diarrhea with no dehydration,,Misc,,N/A,,,,,,,,,,,,,,,,,,,,,,,,,,,,,,,,,,,,,,,,,,,,,,,,,,,,,,,,,,,,,,,,,,,,,,,,,,,,,,,,,,,,,,,,,,,,,,,,,,
b9220350-6920-40aa-a943-6b3c50c4cfc2,Diarrhea with severe dehydration,,Misc,,N/A,,,,,,,,,,,,,,,,,,,,,,,,,,,,,,,,,,,,,,,,,,,,,,,,,,,,,,,,,,,,,,,,,,,,,,,,,,,,,,,,,,,,,,,,,,,,,,,,,,
699ce104-097d-4ace-9286-b18f9b7f63c8,Diarrhea with some dehydration,,Misc,,N/A,,,,,,,,,,,,,,,,,,,,,,,,,,,,,,,,,,,,,,,,,,,,,,,,,,,,,,,,,,,,,,,,,,,,,,,,,,,,,,,,,,,,,,,,,,,,,,,,,,
f7207b35-2c1b-4ecd-a1c3-76d424e31261,DMPA Complications,,Misc,,N/A,,,,,,,,,,,,,,,,,,,,,,,,,,,,,,,,,,,,,,,,,,,,,,,,,,,,,,,,,,,,,,,,,,,,,,,,,,,,,,,,,,,,,,,,,,,,,,,,,,
6727ae28-cc8e-4603-8def-bb4c4d7662e5,DMPA First,,Misc,,N/A,,,,,,,,,,,,,,,,,,,,,,,,,,,,,,,,,,,,,,,,,,,,,,,,,,,,,,,,,,,,,,,,,,,,,,,,,,,,,,,,,,,,,,,,,,,,,,,,,,
89baa334-0536-49a2-a50e-50a61f87481b,DMPA Subsequent,,Misc,,N/A,,,,,,,,,,,,,,,,,,,,,,,,,,,,,,,,,,,,,,,,,,,,,,,,,,,,,,,,,,,,,,,,,,,,,,,,,,,,,,,,,,,,,,,,,,,,,,,,,,
c9545bae-da0f-4dbf-9275-aca3f59149fe,Dysentry,,Misc,,N/A,,,,,,,,,,,,,,,,,,,,,,,,,,,,,,,,,,,,,,,,,,,,,,,,,,,,,,,,,,,,,,,,,,,,,,,,,,,,,,,,,,,,,,,,,,,,,,,,,,
824dd584-43ab-4aa2-8e55-9f3d3953cc71,Enteric Fever,,Misc,,N/A,,,,,,,,,,,,,,,,,,,,,,,,,,,,,,,,,,,,,,,,,,,,,,,,,,,,,,,,,,,,,,,,,,,,,,,,,,,,,,,,,,,,,,,,,,,,,,,,,,
55cea108-7c2e-46f6-b3eb-8e5d58415162,Extra-pulmonary TB Newly Treated,,Misc,,N/A,,,,,,,,,,,,,,,,,,,,,,,,,,,,,,,,,,,,,,,,,,,,,,,,,,,,,,,,,,,,,,,,,,,,,,,,,,,,,,,,,,,,,,,,,,,,,,,,,,
a9bdda54-b3d4-4be5-8e80-7b1a0be621d0,Extra-pulmonary TB Previously Treated,,Misc,,N/A,,,,,,,,,,,,,,,,,,,,,,,,,,,,,,,,,,,,,,,,,,,,,,,,,,,,,,,,,,,,,,,,,,,,,,,,,,,,,,,,,,,,,,,,,,,,,,,,,,
771136a3-ec67-42db-a5df-59172b1faf72,Gastritis,,Misc,,N/A,,,,,,,,,,,,,,,,,,,,,,,,,,,,,,,,,,,,,,,,,,,,,,,,,,,,,,,,,,,,,,,,,,,,,,,,,,,,,,,,,,,,,,,,,,,,,,,,,,
3b4f1bce-7f84-4d34-9728-6ef4aa34c49f,Hepatitis,,Misc,,N/A,,,,,,,,,,,,,,,,,,,,,,,,,,,,,,,,,,,,,,,,,,,,,,,,,,,,,,,,,,,,,,,,,,,,,,,,,,,,,,,,,,,,,,,,,,,,,,,,,,
8961717d-b30d-46b1-b917-ff5a463fcb51,Hypertension,,Misc,,N/A,,,,,,,,,,,,,,,,,,,,,,,,,,,,,,,,,,,,,,,,,,,,,,,,,,,,,,,,,,,,,,,,,,,,,,,,,,,,,,,,,,,,,,,,,,,,,,,,,,
1fa53cd0-4e15-11e4-8a57-0800271c1b75,Infertility,,Misc,Infertility,N/A,,,,,,,,,,,,,,,,,,,,,,,,,,,,,,,,,,,,,,,,,,,,,,,,,,,,,,,,,,,,,,,,,,,,,,,,,,,,,,,,,,,,,,,,,,,,,,,,,,
51084300-b785-4e09-995f-efbcddc8cafb,Injury with stitches,,Misc,,N/A,,,,,,,,,,,,,,,,,,,,,,,,,,,,,,,,,,,,,,,,,,,,,,,,,,,,,,,,,,,,,,,,,,,,,,,,,,,,,,,,,,,,,,,,,,,,,,,,,,
126cca5f-e0f8-4364-af50-88970069808e,Injury without stiches,,Misc,,N/A,,,,,,,,,,,,,,,,,,,,,,,,,,,,,,,,,,,,,,,,,,,,,,,,,,,,,,,,,,,,,,,,,,,,,,,,,,,,,,,,,,,,,,,,,,,,,,,,,,
bdc9b494-b53f-4799-83ce-5872efe81d44,"Leprosy, Template",,Misc,Leprosy,N/A,,,,,,,,,,,,,,,,,,,,,,,,,,,,,,,,,,,,,,,,,,,,,,,,,,,,,,,,,,,,,,,,,,,,,,,,,,,,,,,,,,,,,,,,,,,,,,,,,,
94e8418d-a07b-4e06-a6d2-e9dc57e44759,Lower Respiratory Tract Infection,,Misc,,N/A,,,,,,,,,,,,,,,,,,,,,,,,,,,,,,,,,,,,,,,,,,,,,,,,,,,,,,,,,,,,,,,,,,,,,,,,,,,,,,,,,,,,,,,,,,,,,,,,,,
7405958d-7882-4208-bfb5-b765b636df7d,Malaria falciparum,,Misc,,N/A,,,,,,,,,,,,,,,,,,,,,,,,,,,,,,,,,,,,,,,,,,,,,,,,,,,,,,,,,,,,,,,,,,,,,,,,,,,,,,,,,,,,,,,,,,,,,,,,,,
b56a7c6c-9045-4c4d-b6e6-d470dbcc7d43,Malaria -mixed,,Misc,,N/A,,,,,,,,,,,,,,,,,,,,,,,,,,,,,,,,,,,,,,,,,,,,,,,,,,,,,,,,,,,,,,,,,,,,,,,,,,,,,,,,,,,,,,,,,,,,,,,,,,
523c7d77-55a8-42c0-b99c-7c873b0bac33,Malaria Vivax,,Misc,,N/A,,,,,,,,,,,,,,,,,,,,,,,,,,,,,,,,,,,,,,,,,,,,,,,,,,,,,,,,,,,,,,,,,,,,,,,,,,,,,,,,,,,,,,,,,,,,,,,,,,
56edd9f3-0885-4f17-bc78-8358b38f6100,Malnutrition,,Misc,,N/A,,,,,,,,,,,,,,,,,,,,,,,,,,,,,,,,,,,,,,,,,,,,,,,,,,,,,,,,,,,,,,,,,,,,,,,,,,,,,,,,,,,,,,,,,,,,,,,,,,
efd2679c-4e14-11e4-8a57-0800271c1b75,Measles,,Misc,,N/A,,,,,,,,,,,,,,,,,,,,,,,,,,,,,,,,,,,,,,,,,,,,,,,,,,,,,,,,,,,,,,,,,,,,,,,,,,,,,,,,,,,,,,,,,,,,,,,,,,
cba5d609-5600-4b85-b026-e34daa4386cc,Medical Abortion with complication,,Misc,,N/A,,,,,,,,,,,,,,,,,,,,,,,,,,,,,,,,,,,,,,,,,,,,,,,,,,,,,,,,,,,,,,,,,,,,,,,,,,,,,,,,,,,,,,,,,,,,,,,,,,
a87bc81d-59d2-450e-8a3f-fb2ccb66991f,Medical method of abortion,,Misc,,N/A,,,,,,,,,,,,,,,,,,,,,,,,,,,,,,,,,,,,,,,,,,,,,,,,,,,,,,,,,,,,,,,,,,,,,,,,,,,,,,,,,,,,,,,,,,,,,,,,,,
642d773e-b4fa-4483-a2f4-110160bb6016,Menstrual Disorder-Menorrhagia_Irregular_Intermenstrual Bleeding,,Misc,Menstrual Disorder-Menorrhagia Irregular Intermenstrual Bleeding,N/A,,,,,,,,,,,,,,,,,,,,,,,,,,,,,,,,,,,,,,,,,,,,,,,,,,,,,,,,,,,,,,,,,,,,,,,,,,,,,,,,,,,,,,,,,,,,,,,,,,
9d2693a6-2ae3-43a4-963d-3d611dff8996,Menstrual Disorders,,Misc,,N/A,,,,,,,,,,,,,,,,,,,,,,,,,,,,,,,,,,,,,,,,,,,,,,,,,,,,,,,,,,,,,,,,,,,,,,,,,,,,,,,,,,,,,,,,,,,,,,,,,,
2d7da291-a36a-439e-951a-71482659a667,Micro Confirmed TB Newly detected,,Misc,,N/A,,,,,,,,,,,,,,,,,,,,,,,,,,,,,,,,,,,,,,,,,,,,,,,,,,,,,,,,,,,,,,,,,,,,,,,,,,,,,,,,,,,,,,,,,,,,,,,,,,
18f2b3e6-7bbf-45a9-8487-adaa191d290c,Micro Confirmed TB Previously Treated,,Misc,,N/A,,,,,,,,,,,,,,,,,,,,,,,,,,,,,,,,,,,,,,,,,,,,,,,,,,,,,,,,,,,,,,,,,,,,,,,,,,,,,,,,,,,,,,,,,,,,,,,,,,
4a339dc6-ebfa-4be8-be05-c7f0b5394025,Mono Drug Resistance TB,,Misc,,N/A,,,,,,,,,,,,,,,,,,,,,,,,,,,,,,,,,,,,,,,,,,,,,,,,,,,,,,,,,,,,,,,,,,,,,,,,,,,,,,,,,,,,,,,,,,,,,,,,,,
2f47f27b-6ecb-44b1-aef1-ea852b10b77f,Multi Drug Resistance TB,,Misc,,N/A,,,,,,,,,,,,,,,,,,,,,,,,,,,,,,,,,,,,,,,,,,,,,,,,,,,,,,,,,,,,,,,,,,,,,,,,,,,,,,,,,,,,,,,,,,,,,,,,,,
7cdaa088-d3d6-4ff8-9ed4-c46131acc383,Myalgia-non specific bodyache,,Misc,,N/A,,,,,,,,,,,,,,,,,,,,,,,,,,,,,,,,,,,,,,,,,,,,,,,,,,,,,,,,,,,,,,,,,,,,,,,,,,,,,,,,,,,,,,,,,,,,,,,,,,
733d8e29-0de8-42de-af2d-4c7f21b26d8e,No pneumonia cough and cold,,Misc,,N/A,,,,,,,,,,,,,,,,,,,,,,,,,,,,,,,,,,,,,,,,,,,,,,,,,,,,,,,,,,,,,,,,,,,,,,,,,,,,,,,,,,,,,,,,,,,,,,,,,,
9b76de10-cbee-4b8a-901e-81e39936dd7e,Oral Contraceptives,,Misc,OCP,N/A,,,,,,,,,,,,,,,,,,,,,,,,,,,,,,,,,,,,,,,,,,,,,,,,,,,,,,,,,,,,,,,,,,,,,,,,,,,,,,,,,,,,,,,,,,,,,,,,,,
a690c982-0239-4ce5-95d5-2cb0fa67ea76,Osteoarthritis,,Misc,,N/A,,,,,,,,,,,,,,,,,,,,,,,,,,,,,,,,,,,,,,,,,,,,,,,,,,,,,,,,,,,,,,,,,,,,,,,,,,,,,,,,,,,,,,,,,,,,,,,,,,
b77d83b1-3af2-4cda-b356-574b529a7b1e,Other_Diagnosis,,Misc,Other,N/A,,,,,,,,,,,,,,,,,,,,,,,,,,,,,,,,,,,,,,,,,,,,,,,,,,,,,,,,,,,,,,,,,,,,,,,,,,,,,,,,,,,,,,,,,,,,,,,,,,
62324388-d94b-4857-aefa-461bb848fcd9,Pelvic Inflammatory Disease,,Misc,,N/A,,,,,,,,,,,,,,,,,,,,,,,,,,,,,,,,,,,,,,,,,,,,,,,,,,,,,,,,,,,,,,,,,,,,,,,,,,,,,,,,,,,,,,,,,,,,,,,,,,
d0dc3aa8-7c25-414c-8f84-fc45895c6bfe,Persistent diarrhea,,Misc,,N/A,,,,,,,,,,,,,,,,,,,,,,,,,,,,,,,,,,,,,,,,,,,,,,,,,,,,,,,,,,,,,,,,,,,,,,,,,,,,,,,,,,,,,,,,,,,,,,,,,,
e76d9b9b-7433-4114-b27b-7d16afcdc78c,PNC 1,,Misc,,N/A,,,,,,,,,,,,,,,,,,,,,,,,,,,,,,,,,,,,,,,,,,,,,,,,,,,,,,,,,,,,,,,,,,,,,,,,,,,,,,,,,,,,,,,,,,,,,,,,,,
da899718-a1c6-4d6f-81e4-f88bab6e5b67,PNC 2,,Misc,,N/A,,,,,,,,,,,,,,,,,,,,,,,,,,,,,,,,,,,,,,,,,,,,,,,,,,,,,,,,,,,,,,,,,,,,,,,,,,,,,,,,,,,,,,,,,,,,,,,,,,
a8f6ab86-d14e-4014-a202-917ae8044071,PNC 3,,Misc,,N/A,,,,,,,,,,,,,,,,,,,,,,,,,,,,,,,,,,,,,,,,,,,,,,,,,,,,,,,,,,,,,,,,,,,,,,,,,,,,,,,,,,,,,,,,,,,,,,,,,,
66183fe6-5084-4819-932a-0fa98f050ec1,PNC-1 Complications,,Misc,,N/A,,,,,,,,,,,,,,,,,,,,,,,,,,,,,,,,,,,,,,,,,,,,,,,,,,,,,,,,,,,,,,,,,,,,,,,,,,,,,,,,,,,,,,,,,,,,,,,,,,
a4738cd9-d0d7-4664-bce7-9328d5ad1064,PNC-2 Complications,,Misc,,N/A,,,,,,,,,,,,,,,,,,,,,,,,,,,,,,,,,,,,,,,,,,,,,,,,,,,,,,,,,,,,,,,,,,,,,,,,,,,,,,,,,,,,,,,,,,,,,,,,,,
4f2a9b46-b424-4a0a-b9c4-d405ac4e9fa1,PNC-3 Complications,,Misc,,N/A,,,,,,,,,,,,,,,,,,,,,,,,,,,,,,,,,,,,,,,,,,,,,,,,,,,,,,,,,,,,,,,,,,,,,,,,,,,,,,,,,,,,,,,,,,,,,,,,,,
3fc148f7-195b-46b7-bb44-6d0f217b9e40,Pneumonia,,Misc,,N/A,,,,,,,,,,,,,,,,,,,,,,,,,,,,,,,,,,,,,,,,,,,,,,,,,,,,,,,,,,,,,,,,,,,,,,,,,,,,,,,,,,,,,,,,,,,,,,,,,,
f99e8323-809d-462b-bf81-118163a9b6ad,Reproductive Tract Infection,,Misc,,N/A,,,,,,,,,,,,,,,,,,,,,,,,,,,,,,,,,,,,,,,,,,,,,,,,,,,,,,,,,,,,,,,,,,,,,,,,,,,,,,,,,,,,,,,,,,,,,,,,,,
4c27eaac-95a6-4360-ba5b-afb7192852a6,Rheumatic Heart Disease-RHD,,Misc,,N/A,,,,,,,,,,,,,,,,,,,,,,,,,,,,,,,,,,,,,,,,,,,,,,,,,,,,,,,,,,,,,,,,,,,,,,,,,,,,,,,,,,,,,,,,,,,,,,,,,,
8ebc8a5b-86e7-47dd-b226-80d661b0c78a,Septicaemia,,Misc,,N/A,,,,,,,,,,,,,,,,,,,,,,,,,,,,,,,,,,,,,,,,,,,,,,,,,,,,,,,,,,,,,,,,,,,,,,,,,,,,,,,,,,,,,,,,,,,,,,,,,,
626ade65-cf0e-4737-9de0-6bb61fb4a967,Severe anemia,,Misc,Severe Anemia,N/A,,,,,,,,,,,,,,,,,,,,,,,,,,,,,,,,,,,,,,,,,,,,,,,,,,,,,,,,,,,,,,,,,,,,,,,,,,,,,,,,,,,,,,,,,,,,,,,,,,
e355c0a0-cfc1-43da-8ce0-e56092663e8a,Severe Measles,,Misc,,N/A,,,,,,,,,,,,,,,,,,,,,,,,,,,,,,,,,,,,,,,,,,,,,,,,,,,,,,,,,,,,,,,,,,,,,,,,,,,,,,,,,,,,,,,,,,,,,,,,,,
9f445640-3364-41b4-a0d5-ed4034b3481d,Severe pneumonia,,Misc,,N/A,,,,,,,,,,,,,,,,,,,,,,,,,,,,,,,,,,,,,,,,,,,,,,,,,,,,,,,,,,,,,,,,,,,,,,,,,,,,,,,,,,,,,,,,,,,,,,,,,,
c41e4829-19e8-463a-955e-977fb57b4b49,Severe undernutrition,,Misc,,N/A,,,,,,,,,,,,,,,,,,,,,,,,,,,,,,,,,,,,,,,,,,,,,,,,,,,,,,,,,,,,,,,,,,,,,,,,,,,,,,,,,,,,,,,,,,,,,,,,,,
20602687-d07a-49d9-869f-06d7d0cbe47f,Skin Disease - Impetigo,,Misc,,N/A,,,,,,,,,,,,,,,,,,,,,,,,,,,,,,,,,,,,,,,,,,,,,,,,,,,,,,,,,,,,,,,,,,,,,,,,,,,,,,,,,,,,,,,,,,,,,,,,,,
9c526555-e3c8-4d32-9a1d-da4a8af713fd,Skin Disease - Others,,Misc,,N/A,,,,,,,,,,,,,,,,,,,,,,,,,,,,,,,,,,,,,,,,,,,,,,,,,,,,,,,,,,,,,,,,,,,,,,,,,,,,,,,,,,,,,,,,,,,,,,,,,,
da3028f8-f998-43bf-9d0e-04ded113b4a3,Skin Disease - Scabies,,Misc,,N/A,,,,,,,,,,,,,,,,,,,,,,,,,,,,,,,,,,,,,,,,,,,,,,,,,,,,,,,,,,,,,,,,,,,,,,,,,,,,,,,,,,,,,,,,,,,,,,,,,,
8570c13e-a2fa-4c25-a0da-3c8e52912e96,Skin Disease - Tinea,,Misc,,N/A,,,,,,,,,,,,,,,,,,,,,,,,,,,,,,,,,,,,,,,,,,,,,,,,,,,,,,,,,,,,,,,,,,,,,,,,,,,,,,,,,,,,,,,,,,,,,,,,,,
74c21177-815a-4b1b-ba3d-0cfc4c1841ae,Skin disease- Dermatitis,,Misc,,N/A,,,,,,,,,,,,,,,,,,,,,,,,,,,,,,,,,,,,,,,,,,,,,,,,,,,,,,,,,,,,,,,,,,,,,,,,,,,,,,,,,,,,,,,,,,,,,,,,,,
3781b0da-d69c-431d-81a1-cce17e16e027,Skin diseases-Fungal,,Misc,,N/A,,,,,,,,,,,,,,,,,,,,,,,,,,,,,,,,,,,,,,,,,,,,,,,,,,,,,,,,,,,,,,,,,,,,,,,,,,,,,,,,,,,,,,,,,,,,,,,,,,
6da628c6-caba-44f5-ad47-f9b2a0a43761,Suspected TB,,Misc,,N/A,,,,,,,,,,,,,,,,,,,,,,,,,,,,,,,,,,,,,,,,,,,,,,,,,,,,,,,,,,,,,,,,,,,,,,,,,,,,,,,,,,,,,,,,,,,,,,,,,,
f8f00b53-14ac-4e83-881c-b2a5dd8960dd,TB Prophylaxis,,Misc,,N/A,,,,,,,,,,,,,,,,,,,,,,,,,,,,,,,,,,,,,,,,,,,,,,,,,,,,,,,,,,,,,,,,,,,,,,,,,,,,,,,,,,,,,,,,,,,,,,,,,,
8ea0a15c-6a4e-4074-ba6c-c9cb471890cc,TB treatment completed,,Misc,,N/A,,,,,,,,,,,,,,,,,,,,,,,,,,,,,,,,,,,,,,,,,,,,,,,,,,,,,,,,,,,,,,,,,,,,,,,,,,,,,,,,,,,,,,,,,,,,,,,,,,
a86f0bc0-046e-4b69-8e3f-41848e5caad9,Undernutrition,,Misc,,N/A,,,,,,,,,,,,,,,,,,,,,,,,,,,,,,,,,,,,,,,,,,,,,,,,,,,,,,,,,,,,,,,,,,,,,,,,,,,,,,,,,,,,,,,,,,,,,,,,,,
c7d535a8-be40-4128-9ed9-5fead48ad65c,URI,,Misc,,N/A,,,,,,,,,,,,,,,,,,,,,,,,,,,,,,,,,,,,,,,,,,,,,,,,,,,,,,,,,,,,,,,,,,,,,,,,,,,,,,,,,,,,,,,,,,,,,,,,,,
06fdcca2-7608-46e6-8b38-ab4423a9524e,UTI,,Misc,,N/A,,,,,,,,,,,,,,,,,,,,,,,,,,,,,,,,,,,,,,,,,,,,,,,,,,,,,,,,,,,,,,,,,,,,,,,,,,,,,,,,,,,,,,,,,,,,,,,,,,
e835cbdd-283b-445c-968b-8c8d0d43cd08,Wants Contraception,,Misc,,N/A,,,,,,,,,,,,,,,,,,,,,,,,,,,,,,,,,,,,,,,,,,,,,,,,,,,,,,,,,,,,,,,,,,,,,,,,,,,,,,,,,,,,,,,,,,,,,,,,,,
315982db-233b-41f0-a059-fe810151d9a9,Wants termination of pregnancy,,Misc,,N/A,,,,,,,,,,,,,,,,,,,,,,,,,,,,,,,,,,,,,,,,,,,,,,,,,,,,,,,,,,,,,,,,,,,,,,,,,,,,,,,,,,,,,,,,,,,,,,,,,,
dcf15c79-0f12-498d-8dd6-4fa14c389373,TB_Intake_Any_Other_Diagnosis,,Misc,Diagnosis,Coded,,,,,,,Acute ear infection,Acute Otitis Media,Anemia_diagnosis,Asthma,Cataract,Cataract Surgery,Child Immunised,Chronic Bronchitis,Chronic Ear Infection,Chronic Lung disease,Clinical Malaria,Confirmation of pregnancy,Confirmed Malaria Falciparum,Confirmed Malaria Mixed,Confirmed Malaria Vivax,Confirmed TB,Confirmed TB Micro Negative Newly detected,Confirmed TB Micro Negative Previously Treated,Diabetes,Diabetes Type 1,Diabetes Type 2,Diarrhea with dehydration,Diarrhea with no dehydration,Diarrhea with severe dehydration,Diarrhea with some dehydration,DMPA Complications,DMPA First,DMPA Subsequent,Dysentry,Enteric Fever,Extra-pulmonary TB Newly Treated,Extra-pulmonary TB Previously Treated,Gastritis,Hepatitis,Hypertension,Infertility,Injury with stitches,Injury without stiches,"Leprosy, Template",Lower Respiratory Tract Infection,Malaria falciparum,Malaria -mixed,Malaria Vivax,Malnutrition,Measles,Medical Abortion with complication,Medical method of abortion,Menstrual Disorder-Menorrhagia_Irregular_Intermenstrual Bleeding,Menstrual Disorders,Micro Confirmed TB Newly detected,Micro Confirmed TB Previously Treated,Mono Drug Resistance TB,Multi Drug Resistance TB,Myalgia-non specific bodyache,No pneumonia cough and cold,Oral Contraceptives,Osteoarthritis,Other_Diagnosis,Pelvic Inflammatory Disease,Persistent diarrhea,PNC 1,PNC 2,PNC 3,PNC-1 Complications,PNC-2 Complications,PNC-3 Complications,Pneumonia,Reproductive Tract Infection,Rheumatic Heart Disease-RHD,Septicaemia,Severe anemia,Severe Measles,Severe pneumonia,Severe undernutrition,Skin Disease - Impetigo,Skin Disease - Others,Skin Disease - Scabies,Skin Disease - Tinea,Skin disease- Dermatitis,Skin diseases-Fungal,Suspected TB,TB Prophylaxis,TB treatment completed,Undernutrition,URI,UTI,Wants Contraception,Wants termination of pregnancy,,,,
4a1bfc63-94e0-4d7b-8772-c1b2cda26426,TB_Intake_Skill training,,Misc,Skill Training,N/A,,,,,,,,,,,,,,,,,,,,,,,,,,,,,,,,,,,,,,,,,,,,,,,,,,,,,,,,,,,,,,,,,,,,,,,,,,,,,,,,,,,,,,,,,,,,,,,,,,
2a8e6395-1145-4131-9c59-5761ebf07ccb,TB_Intake_Entitlement,,Misc,Entitlement,N/A,,,,,,,,,,,,,,,,,,,,,,,,,,,,,,,,,,,,,,,,,,,,,,,,,,,,,,,,,,,,,,,,,,,,,,,,,,,,,,,,,,,,,,,,,,,,,,,,,,
c7afec11-499c-4f4a-890d-7134c3f9799a,TB_Intake_Loan,,Misc,Loan,N/A,,,,,,,,,,,,,,,,,,,,,,,,,,,,,,,,,,,,,,,,,,,,,,,,,,,,,,,,,,,,,,,,,,,,,,,,,,,,,,,,,,,,,,,,,,,,,,,,,,
69ef00dd-2916-4806-969a-1f153bb6925f,ADULTCaseSheet-Others,,Misc,Others,N/A,,,,,,,,,,,,,,,,,,,,,,,,,,,,,,,,,,,,,,,,,,,,,,,,,,,,,,,,,,,,,,,,,,,,,,,,,,,,,,,,,,,,,,,,,,,,,,,,,,
2ccaf3eb-9ec1-4f15-b919-c52bb061f2e1,TB_Linked_To_Other_Services,,Misc,Linked to other services,Coded,,,,,,,TB_Intake_Skill training,TB_Intake_Entitlement,TB_Intake_Loan,ADULTCaseSheet-Others,,,,,,,,,,,,,,,,,,,,,,,,,,,,,,,,,,,,,,,,,,,,,,,,,,,,,,,,,,,,,,,,,,,,,,,,,,,,,,,,,,,,,,,,
3ec1dfbe-a27b-4bce-8371-4fdb1432be36,Receipt_number,,Misc,Receipt number,Numeric,,,,,,,,,,,,,,,,,,,,,,,,,,,,,,,,,,,,,,,,,,,,,,,,,,,,,,,,,,,,,,,,,,,,,,,,,,,,,,,,,,,,,,,,,,,,,,,,,,
f863db5d-dedc-424f-b9c7-3a074207465b,Fees_Amount,,Misc,Amount Received,Numeric,,,,,,,,,,,,,,,,,,,,,,,,,,,,,,,,,,,,,,,,,,,,,,,,,,,,,,,,,,,,,,,,,,,,,,,,,,,,,,,,,,,,,,,,,,,,,,,,,,
433f51b1-7a45-4f9c-9d00-ce6aa03a52a4,TB_Follow_Up,,Misc,Follow Up Date,Date,,,,,,,,,,,,,,,,,,,,,,,,,,,,,,,,,,,,,,,,,,,,,,,,,,,,,,,,,,,,,,,,,,,,,,,,,,,,,,,,,,,,,,,,,,,,,,,,,,
682d6982-12a5-4370-8483-b553faed0164,GLOBAL_Doctors_Name_2,,Misc,Dr. Pavitra,N/A,,,,,,,,,,,,,,,,,,,,,,,,,,,,,,,,,,,,,,,,,,,,,,,,,,,,,,,,,,,,,,,,,,,,,,,,,,,,,,,,,,,,,,,,,,,,,,,,,,
465b3fa2-d971-4e88-ac0a-c9309507cb40,GLOBAL_Doctors_Name_1,,Misc,Dr. Sanjana,N/A,,,,,,,,,,,,,,,,,,,,,,,,,,,,,,,,,,,,,,,,,,,,,,,,,,,,,,,,,,,,,,,,,,,,,,,,,,,,,,,,,,,,,,,,,,,,,,,,,,
44fa55b8-11f2-48f0-81e9-e31c9b500df9,GLOBAL_Doctors_Name_5,,Misc,Dr. Gargi,N/A,,,,,,,,,,,,,,,,,,,,,,,,,,,,,,,,,,,,,,,,,,,,,,,,,,,,,,,,,,,,,,,,,,,,,,,,,,,,,,,,,,,,,,,,,,,,,,,,,,
3eaa50af-83f8-47e8-bb14-8c85897af739,GLOBAL_Doctors_Name_12,,Test,Dr. Vivek,Numeric,,,,,,,,,,,,,,,,,,,,,,,,,,,,,,,,,,,,,,,,,,,,,,,,,,,,,,,,,,,,,,,,,,,,,,,,,,,,,,,,,,,,,,,,,,,,,,,,,,
b190ba66-02b6-4eb3-a3b0-5e331914776c,GLOBAL_Doctors_Name,,Misc,Doctor's Name,Coded,,,,,,,GLOBAL_Doctors_Name_2,GLOBAL_Doctors_Name_1,GLOBAL_Doctors_Name_5,,,,,,,,,,,,,,,,,,,,,,,,,,,,,,,,,,,,,,,,,,,,,,,,,,,,,,,,,,,,,,,,,,,,,,,,,,,,,,,,,,,,,,,,,
202bc2aa-31b2-43c4-a549-b9c3cabf48c1,GLOBAL_Nurse_Name2,,Misc,Ramila Meena,N/A,,,,,,,,,,,,,,,,,,,,,,,,,,,,,,,,,,,,,,,,,,,,,,,,,,,,,,,,,,,,,,,,,,,,,,,,,,,,,,,,,,,,,,,,,,,,,,,,,,
83815654-6ce5-4675-b271-875fc6c32843,GLOBAL_Nurse_Name3,,Misc,Radha Dindor,N/A,,,,,,,,,,,,,,,,,,,,,,,,,,,,,,,,,,,,,,,,,,,,,,,,,,,,,,,,,,,,,,,,,,,,,,,,,,,,,,,,,,,,,,,,,,,,,,,,,,
230e40ec-8dcf-4bbe-af3c-1210e7a1d0c2,GLOBAL_Nurse_Name6,,Misc,Deepika Dindor,N/A,,,,,,,,,,,,,,,,,,,,,,,,,,,,,,,,,,,,,,,,,,,,,,,,,,,,,,,,,,,,,,,,,,,,,,,,,,,,,,,,,,,,,,,,,,,,,,,,,,
f742b04f-d769-4e39-bf96-ae85d78479d2,GLOBAL_Nurse_Name7,,Misc,Urmila Kalasua,N/A,,,,,,,,,,,,,,,,,,,,,,,,,,,,,,,,,,,,,,,,,,,,,,,,,,,,,,,,,,,,,,,,,,,,,,,,,,,,,,,,,,,,,,,,,,,,,,,,,,
5e85b164-d855-4ee0-a369-d9262cf4cf58,GLOBAL_Nurse_Name8,,Misc,Harshita Jain,N/A,,,,,,,,,,,,,,,,,,,,,,,,,,,,,,,,,,,,,,,,,,,,,,,,,,,,,,,,,,,,,,,,,,,,,,,,,,,,,,,,,,,,,,,,,,,,,,,,,,
aeebee00-47c3-4c13-b305-884f9dae7f9a,GLOBAL_Nurse_Name11,,Misc,Rekha Kharadi,N/A,,,,,,,,,,,,,,,,,,,,,,,,,,,,,,,,,,,,,,,,,,,,,,,,,,,,,,,,,,,,,,,,,,,,,,,,,,,,,,,,,,,,,,,,,,,,,,,,,,
2c812d1c-4ecd-407a-91fa-49979e45f237,GLOBAL_Nurse_Name12,,Misc,Rejina Meena,N/A,,,,,,,,,,,,,,,,,,,,,,,,,,,,,,,,,,,,,,,,,,,,,,,,,,,,,,,,,,,,,,,,,,,,,,,,,,,,,,,,,,,,,,,,,,,,,,,,,,
09afc3f5-6d13-49c3-8a59-7f61af194fd7,GLOBAL_Nurse_Name15,,Misc,Devika Damor,N/A,,,,,,,,,,,,,,,,,,,,,,,,,,,,,,,,,,,,,,,,,,,,,,,,,,,,,,,,,,,,,,,,,,,,,,,,,,,,,,,,,,,,,,,,,,,,,,,,,,
a6502133-1a36-4bca-adbe-34ff8007e580,GLOBAL_Nurse_Name17,,Misc,Meera Damor,N/A,,,,,,,,,,,,,,,,,,,,,,,,,,,,,,,,,,,,,,,,,,,,,,,,,,,,,,,,,,,,,,,,,,,,,,,,,,,,,,,,,,,,,,,,,,,,,,,,,,
2a50395b-db84-4c15-91ff-c532d6b8517e,GLOBAL_Nurse_Name18,,Misc,Sarita Maida,N/A,,,,,,,,,,,,,,,,,,,,,,,,,,,,,,,,,,,,,,,,,,,,,,,,,,,,,,,,,,,,,,,,,,,,,,,,,,,,,,,,,,,,,,,,,,,,,,,,,,
aa2036ff-8053-4e57-86d0-b7905020fa1a,GLOBAL_Nurse_Name24,,Misc,Sunita Jat,N/A,,,,,,,,,,,,,,,,,,,,,,,,,,,,,,,,,,,,,,,,,,,,,,,,,,,,,,,,,,,,,,,,,,,,,,,,,,,,,,,,,,,,,,,,,,,,,,,,,,
f611a618-c8dc-4ba9-a553-b8a2c19197a4,GLOBAL_Nurse_Name28,,Misc,Rekha Kasota,N/A,,,,,,,,,,,,,,,,,,,,,,,,,,,,,,,,,,,,,,,,,,,,,,,,,,,,,,,,,,,,,,,,,,,,,,,,,,,,,,,,,,,,,,,,,,,,,,,,,,
5f8bb1c2-0ac9-4511-a105-54891d929e8e,GLOBAL_Nurse_Name29,,Misc,Veena Roat,N/A,,,,,,,,,,,,,,,,,,,,,,,,,,,,,,,,,,,,,,,,,,,,,,,,,,,,,,,,,,,,,,,,,,,,,,,,,,,,,,,,,,,,,,,,,,,,,,,,,,
3f5b94d3-8d56-4569-b7ba-8f7db8a54c1d,GLOBAL_Nurse_Name31,,Misc,Susheela Vadera,N/A,,,,,,,,,,,,,,,,,,,,,,,,,,,,,,,,,,,,,,,,,,,,,,,,,,,,,,,,,,,,,,,,,,,,,,,,,,,,,,,,,,,,,,,,,,,,,,,,,,
915da82d-ea20-412e-978a-2c9738ce2059,GLOBAL_Nurse_Name32,,Misc,Sonia Pandwala,N/A,,,,,,,,,,,,,,,,,,,,,,,,,,,,,,,,,,,,,,,,,,,,,,,,,,,,,,,,,,,,,,,,,,,,,,,,,,,,,,,,,,,,,,,,,,,,,,,,,,
71cadac5-d67a-4acb-b298-6a059f524611,GLOBAL_Nurse_Name33,,Misc,Pushpa Rawat,N/A,,,,,,,,,,,,,,,,,,,,,,,,,,,,,,,,,,,,,,,,,,,,,,,,,,,,,,,,,,,,,,,,,,,,,,,,,,,,,,,,,,,,,,,,,,,,,,,,,,
045f15c0-8a7c-4727-85b1-7da04f6a46be,GLOBAL_Nurse_Name34,,Misc,Durga Meena,N/A,,,,,,,,,,,,,,,,,,,,,,,,,,,,,,,,,,,,,,,,,,,,,,,,,,,,,,,,,,,,,,,,,,,,,,,,,,,,,,,,,,,,,,,,,,,,,,,,,,
7f7f8b1c-57ec-48d1-b3df-bf9f7e1e4f43,GLOBAL_Nurse_Name35,,Misc,Ganga Parmar,N/A,,,,,,,,,,,,,,,,,,,,,,,,,,,,,,,,,,,,,,,,,,,,,,,,,,,,,,,,,,,,,,,,,,,,,,,,,,,,,,,,,,,,,,,,,,,,,,,,,,
3d437873-d901-4bd9-928b-28aea2e5f228,GLOBAL_Nurse_Name36,,Misc,Tulsi Dindor,N/A,,,,,,,,,,,,,,,,,,,,,,,,,,,,,,,,,,,,,,,,,,,,,,,,,,,,,,,,,,,,,,,,,,,,,,,,,,,,,,,,,,,,,,,,,,,,,,,,,,
33d71e16-7d7e-4384-8902-2140aaebfbc2,GLOBAL_Nurse_Name,,Misc,Nurse's Name,Coded,,,,,,,GLOBAL_Nurse_Name2,GLOBAL_Nurse_Name3,GLOBAL_Nurse_Name6,GLOBAL_Nurse_Name7,GLOBAL_Nurse_Name8,GLOBAL_Nurse_Name11,GLOBAL_Nurse_Name12,GLOBAL_Nurse_Name15,GLOBAL_Nurse_Name17,GLOBAL_Nurse_Name18,GLOBAL_Nurse_Name24,GLOBAL_Nurse_Name28,GLOBAL_Nurse_Name29,GLOBAL_Nurse_Name31,GLOBAL_Nurse_Name32,GLOBAL_Nurse_Name33,GLOBAL_Nurse_Name34,GLOBAL_Nurse_Name35,GLOBAL_Nurse_Name36,,,,,,,,,,,,,,,,,,,,,,,,,,,,,,,,,,,,,,,,,,,,,,,,,,,,,,,,,,,,,,,,,,,,,,,,,
