uuid,name,description,class,shortname,datatype,units,High Normal,Low Normal,Allow Decimal,locale,synonym.1,answer.1,answer.2,answer.3,answer.4,answer.5,answer.6,answer.7,answer.8,answer.9,answer.10,answer.11,answer.12,answer.13,answer.14,answer.15,answer.16,answer.17,answer.18,answer.19,answer.20,answer.21,answer.22,answer.23,answer.24,answer.25,answer.26,answer.27,answer.28,answer.29,answer.30,answer.31,answer.32,answer.33,answer.34,answer.35,answer.36,answer.37,answer.38,answer.39,answer.40,answer.41,answer.42,answer.43,answer.44,answer.45,answer.46,answer.47,answer.48,answer.49,answer.50,answer.51,answer.52,answer.53,answer.54,answer.55,answer.56,answer.57,answer.58,answer.59,answer.60,answer.61,answer.62,answer.63,answer.64,answer.65,answer.66,answer.67,answer.68,answer.69,answer.70,answer.71,reference-term-source,reference-term-code,reference-term-relationship
dd820f9a-515c-4b70-ad90-607ec7cc5575,GLOBAL_Intake_NewType,,Misc,New,N/A,,,,,,,,,,,,,,,,,,,,,,,,,,,,,,,,,,,,,,,,,,,,,,,,,,,,,,,,,,,,,,,,,,,,,,,,,,,,,,,,
f9c8e937-bdfd-46ab-af53-3c249c1f7b20,GLOBAL_Intake_Old,,Misc,Old,N/A,,,,,,,,,,,,,,,,,,,,,,,,,,,,,,,,,,,,,,,,,,,,,,,,,,,,,,,,,,,,,,,,,,,,,,,,,,,,,,,,
83f8cde9-9b56-4295-bb13-58ec93b9e3b0,GLOBAL_Follow_UpType,,Misc,Follow Up,N/A,,,,,,,,,,,,,,,,,,,,,,,,,,,,,,,,,,,,,,,,,,,,,,,,,,,,,,,,,,,,,,,,,,,,,,,,,,,,,,,,
13fca1e8-074f-4215-93da-69d04dea7ba5,GLOBAL_Type_Of_Visit,,Misc,Type of visit,Coded,,,,,,,GLOBAL_Intake_NewType,GLOBAL_Intake_Old,GLOBAL_Follow_UpType,,,,,,,,,,,,,,,,,,,,,,,,,,,,,,,,,,,,,,,,,,,,,,,,,,,,,,,,,,,,,,,,,,,,,,,
a399f122-6dfa-4c83-b433-a76b9f5a7ac6,Global_weight,,Misc,Weight,Numeric,,,,,,,,,,,,,,,,,,,,,,,,,,,,,,,,,,,,,,,,,,,,,,,,,,,,,,,,,,,,,,,,,,,,,,,,,,,,,,,,
4a09f950-73cf-43e5-a86b-6442f58a2f7b,Global_height,,Misc,Height,Numeric,,,,,,,,,,,,,,,,,,,,,,,,,,,,,,,,,,,,,,,,,,,,,,,,,,,,,,,,,,,,,,,,,,,,,,,,,,,,,,,,
c367d9ee-3f10-11e4-adec-0800271c1b75,BMI,,Computed,BMI,Numeric,,,,,,,,,,,,,,,,,,,,,,,,,,,,,,,,,,,,,,,,,,,,,,,,,,,,,,,,,,,,,,,,,,,,,,,,,,,,,,,,
c1782f96-01ca-41fa-8d10-1f02caebe203,Lab_Hemoglobin,,Misc,Hemoglobin,Numeric,,,,,,,,,,,,,,,,,,,,,,,,,,,,,,,,,,,,,,,,,,,,,,,,,,,,,,,,,,,,,,,,,,,,,,,,,,,,,,,,
28e66660-47cf-4dab-b0c9-1d9a49cfa665,ACS_High grade,,Misc,Fever high grade,N/A,,,,,,,,,,,,,,,,,,,,,,,,,,,,,,,,,,,,,,,,,,,,,,,,,,,,,,,,,,,,,,,,,,,,,,,,,,,,,,,,
71258005-94f6-4387-9aa8-dc118978c5e6,ACS_low grade,,Misc,Fever low grade,N/A,,,,,,,,,,,,,,,,,,,,,,,,,,,,,,,,,,,,,,,,,,,,,,,,,,,,,,,,,,,,,,,,,,,,,,,,,,,,,,,,
7848862c-5d06-4661-adb2-7e642d577733,ACS_General_Convulsions,,Misc,Convulsions,N/A,,,,,,,,,,,,,,,,,,,,,,,,,,,,,,,,,,,,,,,,,,,,,,,,,,,,,,,,,,,,,,,,,,,,,,,,,,,,,,,,
a05163df-01a4-4e21-b3fa-f723f3ca37e8,ACS_General,,Misc,General,Coded,,,,,,,ACS_High grade,ACS_low grade,ACS_General_Convulsions,,,,,,,,,,,,,,,,,,,,,,,,,,,,,,,,,,,,,,,,,,,,,,,,,,,,,,,,,,,,,,,,,,,,,,,
ec641454-3c2c-4543-ad5d-122c9717c0bf,ACS_General_Duration,,Misc,Duration,Numeric,,,,,,,,,,,,,,,,,,,,,,,,,,,,,,,,,,,,,,,,,,,,,,,,,,,,,,,,,,,,,,,,,,,,,,,,,,,,,,,,
483b7a9c-54f6-455f-8bc9-f7c2ad97cb44,ACS_Cough,,Misc,Cough Spasmodic,N/A,,,,,,,,,,,,,,,,,,,,,,,,,,,,,,,,,,,,,,,,,,,,,,,,,,,,,,,,,,,,,,,,,,,,,,,,,,,,,,,,
1d2482ba-ed70-4214-af1d-8026abaf43ec,ACS_Spasmodic,,Misc,Cough not spasmodic,N/A,,,,,,,,,,,,,,,,,,,,,,,,,,,,,,,,,,,,,,,,,,,,,,,,,,,,,,,,,,,,,,,,,,,,,,,,,,,,,,,,
8571ce00-edbe-4320-875b-c7d988c4db9a,ACS_More_At_Night,,Misc,Cough more at night,N/A,,,,,,,,,,,,,,,,,,,,,,,,,,,,,,,,,,,,,,,,,,,,,,,,,,,,,,,,,,,,,,,,,,,,,,,,,,,,,,,,
1d5da70b-68bb-41bd-85cc-c22d2fcc38fe,ACS_Colour-white,,Misc,Sputum White,N/A,,,,,,,,,,,,,,,,,,,,,,,,,,,,,,,,,,,,,,,,,,,,,,,,,,,,,,,,,,,,,,,,,,,,,,,,,,,,,,,,
a6a8f99b-a27a-4748-81f1-90b836556603,ACS_Colour-yellow,,Misc,Sputum Yellow,N/A,,,,,,,,,,,,,,,,,,,,,,,,,,,,,,,,,,,,,,,,,,,,,,,,,,,,,,,,,,,,,,,,,,,,,,,,,,,,,,,,
884ccf8c-8576-4d74-bf4a-3f79258cfa26,ACS_Hemoptysis,,Misc,Hemoptysis,N/A,,,,,,,,,,,,,,,,,,,,,,,,,,,,,,,,,,,,,,,,,,,,,,,,,,,,,,,,,,,,,,,,,,,,,,,,,,,,,,,,
c4064ea6-7e4e-4be0-a6ca-e6cf796975fa,ACS_Breathlessness_OnRest,,Misc,Breathlessness on rest,N/A,,,,,,,,,,,,,,,,,,,,,,,,,,,,,,,,,,,,,,,,,,,,,,,,,,,,,,,,,,,,,,,,,,,,,,,,,,,,,,,,
41f42626-903c-4233-ae01-96e34bebb2e3,ACS_Breathlessness_At_Night,,Misc,Breathlessness at night,N/A,,,,,,,,,,,,,,,,,,,,,,,,,,,,,,,,,,,,,,,,,,,,,,,,,,,,,,,,,,,,,,,,,,,,,,,,,,,,,,,,
f0ba1cf4-279f-40ed-b555-4ff917b3af4d,ACS_Breathlessness_OnExertion,,Misc,Breathlessness on exertion,N/A,,,,,,,,,,,,,,,,,,,,,,,,,,,,,,,,,,,,,,,,,,,,,,,,,,,,,,,,,,,,,,,,,,,,,,,,,,,,,,,,
71d71ee8-7095-4291-96e4-9ff8e075ff75,ACS_Chest pain,,Misc,Chest pain,N/A,,,,,,,,,,,,,,,,,,,,,,,,,,,,,,,,,,,,,,,,,,,,,,,,,,,,,,,,,,,,,,,,,,,,,,,,,,,,,,,,
293c9589-46e7-425f-8f2a-0b6758aefa09,ACS_Respiratory_CVS,,Misc,Respiratory/CVS,Coded,,,,,,,ACS_Cough,ACS_Spasmodic,ACS_More_At_Night,ACS_Colour-white,ACS_Colour-yellow,ACS_Hemoptysis,ACS_Breathlessness_OnRest,ACS_Breathlessness_At_Night,ACS_Breathlessness_OnExertion,ACS_Chest pain,,,,,,,,,,,,,,,,,,,,,,,,,,,,,,,,,,,,,,,,,,,,,,,,,,,,,,,,,,,,,,,,
2685b289-3062-4e07-b167-5c1e433037dc,ACS_Resp_Duration,,Misc,Duration,Numeric,,,,,,,,,,,,,,,,,,,,,,,,,,,,,,,,,,,,,,,,,,,,,,,,,,,,,,,,,,,,,,,,,,,,,,,,,,,,,,,,
bb6d69f3-2fb2-424d-b080-12578320b084,ACS_Pain_severe,,Misc,Pain severe,N/A,,,,,,,,,,,,,,,,,,,,,,,,,,,,,,,,,,,,,,,,,,,,,,,,,,,,,,,,,,,,,,,,,,,,,,,,,,,,,,,,
e40ce785-14c9-4f11-8a08-7965f4443c1c,ACS_Pain_dull,,Misc,Pain dull,N/A,,,,,,,,,,,,,,,,,,,,,,,,,,,,,,,,,,,,,,,,,,,,,,,,,,,,,,,,,,,,,,,,,,,,,,,,,,,,,,,,
c223689d-868a-4ddd-9ccf-728806e9d7b9,ACS_Recurrent,,Misc,Pain recurrent,N/A,,,,,,,,,,,,,,,,,,,,,,,,,,,,,,,,,,,,,,,,,,,,,,,,,,,,,,,,,,,,,,,,,,,,,,,,,,,,,,,,
8876d36e-56d6-461e-b06a-91ed2cf8e9a2,ACS_Vomiting,,Misc,Vomiting,N/A,,,,,,,,,,,,,,,,,,,,,,,,,,,,,,,,,,,,,,,,,,,,,,,,,,,,,,,,,,,,,,,,,,,,,,,,,,,,,,,,
32ee380c-a0fa-42dc-bae8-4e6b88fefd27,ACS_Blood_In_Vomitus,,Misc,Blood in vomitus,N/A,,,,,,,,,,,,,,,,,,,,,,,,,,,,,,,,,,,,,,,,,,,,,,,,,,,,,,,,,,,,,,,,,,,,,,,,,,,,,,,,
ec8490dc-4e8b-4112-9fe0-7d05e4a213df,ACS_Nausea,,Misc,Nausea,N/A,,,,,,,,,,,,,,,,,,,,,,,,,,,,,,,,,,,,,,,,,,,,,,,,,,,,,,,,,,,,,,,,,,,,,,,,,,,,,,,,
e5bbbfce-3c0a-49a9-b7f1-a4f3402cc17b,ACS_Diarrhea,,Misc,Diarrhea,N/A,,,,,,,,,,,,,,,,,,,,,,,,,,,,,,,,,,,,,,,,,,,,,,,,,,,,,,,,,,,,,,,,,,,,,,,,,,,,,,,,
73e05e8a-965c-4dc8-84c4-e587fb49a684,ACS_Blood in stools,,Misc,Blood in stools,N/A,,,,,,,,,,,,,,,,,,,,,,,,,,,,,,,,,,,,,,,,,,,,,,,,,,,,,,,,,,,,,,,,,,,,,,,,,,,,,,,,
e2619532-c572-4572-b4d4-0a009c6bf1ae,Burning micturition,,Misc,Burning micturition,N/A,,,,,,,,,,,,,,,,,,,,,,,,,,,,,,,,,,,,,,,,,,,,,,,,,,,,,,,,,,,,,,,,,,,,,,,,,,,,,,,,
5604216e-e10d-46a2-b34d-26497ee94840,ACS_Retro sternal burning,,Misc,Retro-sternal burning,N/A,,,,,,,,,,,,,,,,,,,,,,,,,,,,,,,,,,,,,,,,,,,,,,,,,,,,,,,,,,,,,,,,,,,,,,,,,,,,,,,,
53df2420-5bea-4485-a363-2917bfc229b2,ACS_Abdominal_Pain,,Misc,Abdominal,Coded,,,,,,,ACS_Pain_severe,ACS_Pain_dull,ACS_Recurrent,ACS_Vomiting,ACS_Blood_In_Vomitus,ACS_Nausea,ACS_Diarrhea,ACS_Blood in stools,Burning micturition,ACS_Retro sternal burning,,,,,,,,,,,,,,,,,,,,,,,,,,,,,,,,,,,,,,,,,,,,,,,,,,,,,,,,,,,,,,,,
a2096dbe-c342-496b-87c6-1735d814d569,ACS_Location_Diffused,,Misc,Diffused,N/A,,,,,,,,,,,,,,,,,,,,,,,,,,,,,,,,,,,,,,,,,,,,,,,,,,,,,,,,,,,,,,,,,,,,,,,,,,,,,,,,
ca823137-f560-472b-a381-7a1d89980688,ACS_Location_epigastric,,Misc,Epigastric,N/A,,,,,,,,,,,,,,,,,,,,,,,,,,,,,,,,,,,,,,,,,,,,,,,,,,,,,,,,,,,,,,,,,,,,,,,,,,,,,,,,
c060404f-3a57-483c-802f-ca3ae80b3ed7,ACS_ Location_right hypochondrium,,Misc,Right hypochondrium,N/A,,,,,,,,,,,,,,,,,,,,,,,,,,,,,,,,,,,,,,,,,,,,,,,,,,,,,,,,,,,,,,,,,,,,,,,,,,,,,,,,
a7730f43-b8a2-4d61-b93a-67e4e2c7c8aa,ACS_Location_left hypochondrium,,Misc,Left hypochondrium,N/A,,,,,,,,,,,,,,,,,,,,,,,,,,,,,,,,,,,,,,,,,,,,,,,,,,,,,,,,,,,,,,,,,,,,,,,,,,,,,,,,
9b312711-d839-45fc-ba00-05bfcc8055d1,ACS_Location_periumbilical,,Misc,Periumbilical,N/A,,,,,,,,,,,,,,,,,,,,,,,,,,,,,,,,,,,,,,,,,,,,,,,,,,,,,,,,,,,,,,,,,,,,,,,,,,,,,,,,
0ad74517-2e48-4612-8bb4-5e6776a901aa,ACS_Location_right lumbar,,Misc,Right lumbar,N/A,,,,,,,,,,,,,,,,,,,,,,,,,,,,,,,,,,,,,,,,,,,,,,,,,,,,,,,,,,,,,,,,,,,,,,,,,,,,,,,,
5b11cd50-9c9d-45a2-bd30-ac40b005e1ee,ACS_Location_left lumbar,,Misc,Left lumbar,N/A,,,,,,,,,,,,,,,,,,,,,,,,,,,,,,,,,,,,,,,,,,,,,,,,,,,,,,,,,,,,,,,,,,,,,,,,,,,,,,,,
d24fc36a-7932-4f6d-a04b-b3452ad2de68,ACS_Location_right ilica,,Misc,Right iliac,N/A,,,,,,,,,,,,,,,,,,,,,,,,,,,,,,,,,,,,,,,,,,,,,,,,,,,,,,,,,,,,,,,,,,,,,,,,,,,,,,,,
b9835fb5-db6d-4f3e-9418-2663c2cd9df5,ACS_Location_left iliac,,Misc,Left iliac,N/A,,,,,,,,,,,,,,,,,,,,,,,,,,,,,,,,,,,,,,,,,,,,,,,,,,,,,,,,,,,,,,,,,,,,,,,,,,,,,,,,
87e7c3ca-8d5a-49d3-a453-7dde2f4f9f47,ACS_Location_suprapubic,,Misc,Suprapubic,N/A,,,,,,,,,,,,,,,,,,,,,,,,,,,,,,,,,,,,,,,,,,,,,,,,,,,,,,,,,,,,,,,,,,,,,,,,,,,,,,,,
27bd9828-31f7-454a-81c7-faeced6f7687,ACS_Location_Right_Back,,Misc,Right back,N/A,,,,,,,,,,,,,,,,,,,,,,,,,,,,,,,,,,,,,,,,,,,,,,,,,,,,,,,,,,,,,,,,,,,,,,,,,,,,,,,,
99dcc89f-d65e-4a18-9c6a-6e5e3b7a770d,ACS_Location_Left_Back,,Misc,Left back,N/A,,,,,,,,,,,,,,,,,,,,,,,,,,,,,,,,,,,,,,,,,,,,,,,,,,,,,,,,,,,,,,,,,,,,,,,,,,,,,,,,
31740742-76af-43f5-b3e3-689f6733494d,ACS_Location,,Misc,Location of abdominal pain,Coded,,,,,,,ACS_Location_Diffused,ACS_Location_epigastric,ACS_ Location_right hypochondrium,ACS_Location_left hypochondrium,ACS_Location_periumbilical,ACS_Location_right lumbar,ACS_Location_left lumbar,ACS_Location_right ilica,ACS_Location_left iliac,ACS_Location_suprapubic,ACS_Location_Right_Back,ACS_Location_Left_Back,,,,,,,,,,,,,,,,,,,,,,,,,,,,,,,,,,,,,,,,,,,,,,,,,,,,,,,,,,,,,,
899a94e8-23fe-4734-b9e2-97417b91787d,ACS_AB_Pain_Duration,,Misc,Duration,Numeric,,,,,,,,,,,,,,,,,,,,,,,,,,,,,,,,,,,,,,,,,,,,,,,,,,,,,,,,,,,,,,,,,,,,,,,,,,,,,,,,
ee5b670d-d402-4eaf-9e31-f220539c802c,Rash,,Misc,,N/A,,,,,,,,,,,,,,,,,,,,,,,,,,,,,,,,,,,,,,,,,,,,,,,,,,,,,,,,,,,,,,,,,,,,,,,,,,,,,,,,
66f5192e-f63b-41fc-833b-05b74131e973,ACS_Skin_Boils,,Misc,Boils,N/A,,,,,,,,,,,,,,,,,,,,,,,,,,,,,,,,,,,,,,,,,,,,,,,,,,,,,,,,,,,,,,,,,,,,,,,,,,,,,,,,
e00b3ace-1108-44df-9af1-8afd6d513bf1,ACS_Skin_Itching,,Misc,Itching,N/A,,,,,,,,,,,,,,,,,,,,,,,,,,,,,,,,,,,,,,,,,,,,,,,,,,,,,,,,,,,,,,,,,,,,,,,,,,,,,,,,
e20d2e1e-3576-4ba5-ad88-f4e8dcaca999,ACS_Others_Other,,Misc,Others,N/A,,,,,,,,,,,,,,,,,,,,,,,,,,,,,,,,,,,,,,,,,,,,,,,,,,,,,,,,,,,,,,,,,,,,,,,,,,,,,,,,
9f141b8d-48c4-459c-821a-e1df8e4c095c,ACS_Skin,,Misc,Skin,Coded,,,,,,,Rash,ACS_Skin_Boils,ACS_Skin_Itching,ACS_Others_Other,,,,,,,,,,,,,,,,,,,,,,,,,,,,,,,,,,,,,,,,,,,,,,,,,,,,,,,,,,,,,,,,,,,,,,
8256b1cc-8ba1-4ea3-94a9-0164d0bb7a88,ACS_Skin_Duration,,Misc,Duration,Numeric,,,,,,,,,,,,,,,,,,,,,,,,,,,,,,,,,,,,,,,,,,,,,,,,,,,,,,,,,,,,,,,,,,,,,,,,,,,,,,,,
c74ebb92-e50c-4e35-8fc0-134e6ddeceb0,ACS_Eye_Diminution,,Misc,Diminution of vision,N/A,,,,,,,,,,,,,,,,,,,,,,,,,,,,,,,,,,,,,,,,,,,,,,,,,,,,,,,,,,,,,,,,,,,,,,,,,,,,,,,,
c0c550df-6e40-41e3-8765-027568706d01,ACS_Eye_Redness,,Misc,Redness,N/A,,,,,,,,,,,,,,,,,,,,,,,,,,,,,,,,,,,,,,,,,,,,,,,,,,,,,,,,,,,,,,,,,,,,,,,,,,,,,,,,
df92664b-63ed-4446-86d7-93dafaa6170a,ACS_Eye_discharge,,Misc,Discharge,N/A,,,,,,,,,,,,,,,,,,,,,,,,,,,,,,,,,,,,,,,,,,,,,,,,,,,,,,,,,,,,,,,,,,,,,,,,,,,,,,,,
e20d2e1e-3576-4ba5-ad88-f4e8dcaca999,ACS_Others_Other,,Misc,Others,N/A,,,,,,,,,,,,,,,,,,,,,,,,,,,,,,,,,,,,,,,,,,,,,,,,,,,,,,,,,,,,,,,,,,,,,,,,,,,,,,,,
08421afd-0220-43e5-bdee-93422426e9d8,ACS_Eyes_Problems,,Misc,Eyes,Coded,,,,,,,ACS_Eye_Diminution,ACS_Eye_Redness,ACS_Eye_discharge,ACS_Others_Other,,,,,,,,,,,,,,,,,,,,,,,,,,,,,,,,,,,,,,,,,,,,,,,,,,,,,,,,,,,,,,,,,,,,,,
fd496365-5ce5-4331-8a07-e437f12893e1,ACS_Eye_Prob_Duration,,Misc,Duration,Numeric,,,,,,,,,,,,,,,,,,,,,,,,,,,,,,,,,,,,,,,,,,,,,,,,,,,,,,,,,,,,,,,,,,,,,,,,,,,,,,,,
4aee4181-62e0-4b4c-8282-6643a1995cf4,Backache,,Misc,,N/A,,,,,,,,,,,,,,,,,,,,,,,,,,,,,,,,,,,,,,,,,,,,,,,,,,,,,,,,,,,,,,,,,,,,,,,,,,,,,,,,
19cf77ce-88d9-42d3-b2bd-be8eaa7592ef,ACS_Join pain,,Misc,Joint pain,N/A,,,,,,,,,,,,,,,,,,,,,,,,,,,,,,,,,,,,,,,,,,,,,,,,,,,,,,,,,,,,,,,,,,,,,,,,,,,,,,,,
ea7bed0b-8b2a-4023-83a0-94236b427236,ACS_Body ache,,Misc,Body ache,N/A,,,,,,,,,,,,,,,,,,,,,,,,,,,,,,,,,,,,,,,,,,,,,,,,,,,,,,,,,,,,,,,,,,,,,,,,,,,,,,,,
e20d2e1e-3576-4ba5-ad88-f4e8dcaca999,ACS_Others_Other,,Misc,Others,N/A,,,,,,,,,,,,,,,,,,,,,,,,,,,,,,,,,,,,,,,,,,,,,,,,,,,,,,,,,,,,,,,,,,,,,,,,,,,,,,,,
17807f7f-111b-4ce3-820b-ba592e432f89,ACS_Muscular_skeletal,,Misc,Muscular/skeletal,Coded,,,,,,,Backache,ACS_Join pain,ACS_Body ache,ACS_Others_Other,,,,,,,,,,,,,,,,,,,,,,,,,,,,,,,,,,,,,,,,,,,,,,,,,,,,,,,,,,,,,,,,,,,,,,
43a01456-ca6f-4827-b0a3-9468929eed56,ACS_Mus_Skltn_Duration,,Misc,Duration,Numeric,,,,,,,,,,,,,,,,,,,,,,,,,,,,,,,,,,,,,,,,,,,,,,,,,,,,,,,,,,,,,,,,,,,,,,,,,,,,,,,,
8e344ccc-b5c9-40d5-be97-01aac48f2f99,ACS_Headache,,Misc,Headache,N/A,,,,,,,,,,,,,,,,,,,,,,,,,,,,,,,,,,,,,,,,,,,,,,,,,,,,,,,,,,,,,,,,,,,,,,,,,,,,,,,,
21073035-7552-424f-92db-c3dfff0dca38,ACS_Ear_E_Discharge,,Misc,Ear Discharge,N/A,,,,,,,,,,,,,,,,,,,,,,,,,,,,,,,,,,,,,,,,,,,,,,,,,,,,,,,,,,,,,,,,,,,,,,,,,,,,,,,,
e20d2e1e-3576-4ba5-ad88-f4e8dcaca999,ACS_Others_Other,,Misc,Others,N/A,,,,,,,,,,,,,,,,,,,,,,,,,,,,,,,,,,,,,,,,,,,,,,,,,,,,,,,,,,,,,,,,,,,,,,,,,,,,,,,,
326dcccb-3661-481f-a1f8-a31ee889e5bf,ACS_Others,,Misc,Others,Coded,,,,,,,ACS_Headache,ACS_Ear_E_Discharge,ACS_Others_Other,,,,,,,,,,,,,,,,,,,,,,,,,,,,,,,,,,,,,,,,,,,,,,,,,,,,,,,,,,,,,,,,,,,,,,,
425e4220-837a-49d7-9cf2-8d037c43d080,ACS_Other_Duration,,Misc,Duration,Numeric,,,,,,,,,,,,,,,,,,,,,,,,,,,,,,,,,,,,,,,,,,,,,,,,,,,,,,,,,,,,,,,,,,,,,,,,,,,,,,,,
27f45250-f91f-47a5-91f4-6a28cc30ba5d,ACS_Addiction_Smoking,,Misc,Smoking,N/A,,,,,,,,,,,,,,,,,,,,,,,,,,,,,,,,,,,,,,,,,,,,,,,,,,,,,,,,,,,,,,,,,,,,,,,,,,,,,,,,
d28bfcca-b38c-45d0-93f7-409ce0f1874f,ACS_Addiction_Alcohol,,Misc,Alcohol,N/A,,,,,,,,,,,,,,,,,,,,,,,,,,,,,,,,,,,,,,,,,,,,,,,,,,,,,,,,,,,,,,,,,,,,,,,,,,,,,,,,
caa73244-37d1-4446-9d08-92bdb7a7ca3e,ACS_Addiction_Tobacco chewing,,Misc,Tobacco chewing,N/A,,,,,,,,,,,,,,,,,,,,,,,,,,,,,,,,,,,,,,,,,,,,,,,,,,,,,,,,,,,,,,,,,,,,,,,,,,,,,,,,
cbd21526-4d96-4110-8d50-7300732f4a63,ACS_Addiction,,Misc,Addiction,Coded,,,,,,,ACS_Addiction_Smoking,ACS_Addiction_Alcohol,ACS_Addiction_Tobacco chewing,,,,,,,,,,,,,,,,,,,,,,,,,,,,,,,,,,,,,,,,,,,,,,,,,,,,,,,,,,,,,,,,,,,,,,,
5a6ac351-efaa-4be7-a88e-d72119f0cde9,ACS_Past history_TB,,Misc,TB,N/A,,,,,,,,,,,,,,,,,,,,,,,,,,,,,,,,,,,,,,,,,,,,,,,,,,,,,,,,,,,,,,,,,,,,,,,,,,,,,,,,
006459a5-cdd4-4e6f-bb9c-aed45135fed4,ACS_Past history_Diabetes,,Misc,Diabetes,N/A,,,,,,,,,,,,,,,,,,,,,,,,,,,,,,,,,,,,,,,,,,,,,,,,,,,,,,,,,,,,,,,,,,,,,,,,,,,,,,,,
48e4d17d-ae64-426a-9ce7-b32d412e2cdd,ACS_Past history_Hypertension,,Misc,Hypertension,N/A,,,,,,,,,,,,,,,,,,,,,,,,,,,,,,,,,,,,,,,,,,,,,,,,,,,,,,,,,,,,,,,,,,,,,,,,,,,,,,,,
1bd282c7-a065-4ffe-81e7-2636c638cdf6,ACS_Past history_Hospitalization,,Misc,Hospitalization,N/A,,,,,,,,,,,,,,,,,,,,,,,,,,,,,,,,,,,,,,,,,,,,,,,,,,,,,,,,,,,,,,,,,,,,,,,,,,,,,,,,
10afb4f0-fc15-4ab6-8c17-318fac16cf22,ACS_Past history,,Misc,Past history,Coded,,,,,,,ACS_Past history_TB,ACS_Past history_Diabetes,ACS_Past history_Hypertension,ACS_Past history_Hospitalization,,,,,,,,,,,,,,,,,,,,,,,,,,,,,,,,,,,,,,,,,,,,,,,,,,,,,,,,,,,,,,,,,,,,,,
f18ba5f6-831d-406c-a3dd-b79c450fc97a,ACS_FM_Tuberculosis,,Misc,Tuberculosis,N/A,,,,,,,,,,,,,,,,,,,,,,,,,,,,,,,,,,,,,,,,,,,,,,,,,,,,,,,,,,,,,,,,,,,,,,,,,,,,,,,,
7731393e-1cc2-4830-985a-1056d93319af,ACS_FM_Hypertension,,Misc,Hypertension,N/A,,,,,,,,,,,,,,,,,,,,,,,,,,,,,,,,,,,,,,,,,,,,,,,,,,,,,,,,,,,,,,,,,,,,,,,,,,,,,,,,
ce1c5360-a96c-45bd-b1ea-ef295d846b78,ACS_FM_Diabetes,,Misc,Diabetes,N/A,,,,,,,,,,,,,,,,,,,,,,,,,,,,,,,,,,,,,,,,,,,,,,,,,,,,,,,,,,,,,,,,,,,,,,,,,,,,,,,,
4abc05a4-9358-4419-8c0d-1f2051410360,ACS_FAMILY HISTORY,,Misc,Family History,Coded,,,,,,,ACS_FM_Tuberculosis,ACS_FM_Hypertension,ACS_FM_Diabetes,,,,,,,,,,,,,,,,,,,,,,,,,,,,,,,,,,,,,,,,,,,,,,,,,,,,,,,,,,,,,,,,,,,,,,,
4950e2f5-d8a5-42e8-8ce6-e94fa408ed82,ACS_Past history_LMP,,Misc,LMP,Date,,,,,,,,,,,,,,,,,,,,,,,,,,,,,,,,,,,,,,,,,,,,,,,,,,,,,,,,,,,,,,,,,,,,,,,,,,,,,,,,
ee95cb18-66fc-43a5-9233-961b6a908812,ACS_O_H_Gravida,,Misc,Gravida,Numeric,,,,,,,,,,,,,,,,,,,,,,,,,,,,,,,,,,,,,,,,,,,,,,,,,,,,,,,,,,,,,,,,,,,,,,,,,,,,,,,,
dc04698f-73d4-4d34-8ecd-9870a2c74b29,ACS_Gravida_Abnormal,,Abnormal,Abnormal,Boolean,,,,,,,,,,,,,,,,,,,,,,,,,,,,,,,,,,,,,,,,,,,,,,,,,,,,,,,,,,,,,,,,,,,,,,,,,,,,,,,,
f38451c9-8e95-4157-b768-e7e693d0e3dd,ACS_O_H_Para,,Misc,Parity,Numeric,,,,,,,,,,,,,,,,,,,,,,,,,,,,,,,,,,,,,,,,,,,,,,,,,,,,,,,,,,,,,,,,,,,,,,,,,,,,,,,,
7d5ea9f4-d7e0-424c-ad1e-796418a8fb1a,ACS_Para_Abnormal,,Abnormal,Abnormal,Boolean,,,,,,,,,,,,,,,,,,,,,,,,,,,,,,,,,,,,,,,,,,,,,,,,,,,,,,,,,,,,,,,,,,,,,,,,,,,,,,,,
46805779-5661-4ec2-8c0c-3d8457494ac6,ACS_OH_Abortions,,Misc,Abortions,Numeric,,,,,,,,,,,,,,,,,,,,,,,,,,,,,,,,,,,,,,,,,,,,,,,,,,,,,,,,,,,,,,,,,,,,,,,,,,,,,,,,
188ee1a4-5fad-4296-a18e-9d64150256c4,ACS_OH_Still_births,,Misc,Still Births,Numeric,,,,,,,,,,,,,,,,,,,,,,,,,,,,,,,,,,,,,,,,,,,,,,,,,,,,,,,,,,,,,,,,,,,,,,,,,,,,,,,,
e432ef66-9877-4132-addc-248fda5b0312,ACS_OH_Child_Death,,Misc,Live births,Numeric,,,,,,,,,,,,,,,,,,,,,,,,,,,,,,,,,,,,,,,,,,,,,,,,,,,,,,,,,,,,,,,,,,,,,,,,,,,,,,,,
72bfcb35-44bd-4370-a8fb-243fafd66e84,ACS_Past history_Iregular,,Misc,Irregular menstruation,N/A,,,,,,,,,,,,,,,,,,,,,,,,,,,,,,,,,,,,,,,,,,,,,,,,,,,,,,,,,,,,,,,,,,,,,,,,,,,,,,,,
f5b014e0-5711-4732-9c90-3bb488a0057c,ACS_Past history_Excessive,,Misc,Excessive bleeding,N/A,,,,,,,,,,,,,,,,,,,,,,,,,,,,,,,,,,,,,,,,,,,,,,,,,,,,,,,,,,,,,,,,,,,,,,,,,,,,,,,,
e00a3407-5b96-43ea-8808-e3a1d8a01ad6,ACS_Past history_Vaginal discharge,,Misc,Vaginal discharge,N/A,,,,,,,,,,,,,,,,,,,,,,,,,,,,,,,,,,,,,,,,,,,,,,,,,,,,,,,,,,,,,,,,,,,,,,,,,,,,,,,,
6a799418-2874-4525-85a9-8663d05099f2,ACS_Gynaecological_History,,Misc,Gynaecological history,Coded,,,,,,,ACS_Past history_Iregular,ACS_Past history_Excessive,ACS_Past history_Vaginal discharge,,,,,,,,,,,,,,,,,,,,,,,,,,,,,,,,,,,,,,,,,,,,,,,,,,,,,,,,,,,,,,,,,,,,,,,
29c1e4cb-9029-4cbb-a807-5fddb961fb65,ACS_Gynac_His_Duration,,Misc,Duration,Numeric,,,,,,,,,,,,,,,,,,,,,,,,,,,,,,,,,,,,,,,,,,,,,,,,,,,,,,,,,,,,,,,,,,,,,,,,,,,,,,,,
bd419f1e-c10b-49b0-a471-2bd6810ea47d,ACS_O_H_Wants_contraception,,Misc,Wants contraception ?,Boolean,,,,,,,,,,,,,,,,,,,,,,,,,,,,,,,,,,,,,,,,,,,,,,,,,,,,,,,,,,,,,,,,,,,,,,,,,,,,,,,,
6454e132-ce62-4b07-bf97-92a38f88295e,ACS_O_H_Pallor,,Misc,Pallor,N/A,,,,,,,,,,,,,,,,,,,,,,,,,,,,,,,,,,,,,,,,,,,,,,,,,,,,,,,,,,,,,,,,,,,,,,,,,,,,,,,,
3fed679e-831b-4bbb-85b0-82cfe076f545,ACS_O_H_Jaundice,,Misc,Jaundice,N/A,,,,,,,,,,,,,,,,,,,,,,,,,,,,,,,,,,,,,,,,,,,,,,,,,,,,,,,,,,,,,,,,,,,,,,,,,,,,,,,,
2f687e06-204a-4ce0-acc8-cc266c5856c1,ACS_OH_Edema,,Misc,Edema,N/A,,,,,,,,,,,,,,,,,,,,,,,,,,,,,,,,,,,,,,,,,,,,,,,,,,,,,,,,,,,,,,,,,,,,,,,,,,,,,,,,
0e75af2d-4040-46a4-a13a-1aaea5b11d69,ACS_OH_Cyanosis,,Misc,Cyanosis,N/A,,,,,,,,,,,,,,,,,,,,,,,,,,,,,,,,,,,,,,,,,,,,,,,,,,,,,,,,,,,,,,,,,,,,,,,,,,,,,,,,
28625f46-51a6-4d8b-a197-7cb7070840c1,ACS_CF_General,,Misc,General,Coded,,,,,,,ACS_O_H_Pallor,ACS_O_H_Jaundice,ACS_OH_Edema,ACS_OH_Cyanosis,,,,,,,,,,,,,,,,,,,,,,,,,,,,,,,,,,,,,,,,,,,,,,,,,,,,,,,,,,,,,,,,,,,,,,
b5c0a9cc-2ccc-4039-be26-7cbcc7b82069,ACS_Lymph nodes_Right_Cervical,,Misc,Right cervical,N/A,,,,,,,,,,,,,,,,,,,,,,,,,,,,,,,,,,,,,,,,,,,,,,,,,,,,,,,,,,,,,,,,,,,,,,,,,,,,,,,,
4ea7b40c-0e2b-4787-a690-28bf8017fc11,ACS_Lymph nodes_Left cervical,,Misc,Left cervical,N/A,,,,,,,,,,,,,,,,,,,,,,,,,,,,,,,,,,,,,,,,,,,,,,,,,,,,,,,,,,,,,,,,,,,,,,,,,,,,,,,,
6e920781-a038-461a-8d1d-8f556e62c6f9,ACS_Lymph nodes_Right axillary,,Misc,Right axillary,N/A,,,,,,,,,,,,,,,,,,,,,,,,,,,,,,,,,,,,,,,,,,,,,,,,,,,,,,,,,,,,,,,,,,,,,,,,,,,,,,,,
b744204d-65dc-4102-8093-2790ca160ca9,ACS_Lymph nodes_Left axillary,,Misc,Left axillary,N/A,,,,,,,,,,,,,,,,,,,,,,,,,,,,,,,,,,,,,,,,,,,,,,,,,,,,,,,,,,,,,,,,,,,,,,,,,,,,,,,,
a3e9d396-4bff-48c5-b211-5ec6db54ed7d,ACS_Lymph nodes_Right Inguinal,,Misc,Right Inguinal,N/A,,,,,,,,,,,,,,,,,,,,,,,,,,,,,,,,,,,,,,,,,,,,,,,,,,,,,,,,,,,,,,,,,,,,,,,,,,,,,,,,
9e134fc5-19da-4c85-92a1-c8135aba5e77,ACS_Lymph nodes_Left Inguinal,,Misc,Left Inguinal,N/A,,,,,,,,,,,,,,,,,,,,,,,,,,,,,,,,,,,,,,,,,,,,,,,,,,,,,,,,,,,,,,,,,,,,,,,,,,,,,,,,
84bed7d9-20b0-4d4c-9df1-bd49fdcac796,ACS_Lymph_nodes,,Misc,Enlarged lymph node,Coded,,,,,,,ACS_Lymph nodes_Right_Cervical,ACS_Lymph nodes_Left cervical,ACS_Lymph nodes_Right axillary,ACS_Lymph nodes_Left axillary,ACS_Lymph nodes_Right Inguinal,ACS_Lymph nodes_Left Inguinal,,,,,,,,,,,,,,,,,,,,,,,,,,,,,,,,,,,,,,,,,,,,,,,,,,,,,,,,,,,,,,,,,,,,
739e050c-454f-4a08-96af-bfa873b4d342,Pharynx congested,,Misc,,N/A,,,,,,,,,,,,,,,,,,,,,,,,,,,,,,,,,,,,,,,,,,,,,,,,,,,,,,,,,,,,,,,,,,,,,,,,,,,,,,,,
209b3daa-4179-457d-9bbc-280e2715ba7e,ACS_Throat_ tonsils,,Misc,Tonsils inflammed,N/A,,,,,,,,,,,,,,,,,,,,,,,,,,,,,,,,,,,,,,,,,,,,,,,,,,,,,,,,,,,,,,,,,,,,,,,,,,,,,,,,
54a7321f-4921-4451-af48-cfd8c88009e2,ACS_Apthous_Ulcers,,Misc,Apthous ulcers,N/A,,,,,,,,,,,,,,,,,,,,,,,,,,,,,,,,,,,,,,,,,,,,,,,,,,,,,,,,,,,,,,,,,,,,,,,,,,,,,,,,
76174b29-99b7-4166-afb1-04897e1ec601,ACS_Oral_Cavity_Other,,Misc,Others,N/A,,,,,,,,,,,,,,,,,,,,,,,,,,,,,,,,,,,,,,,,,,,,,,,,,,,,,,,,,,,,,,,,,,,,,,,,,,,,,,,,
5cc7605f-d187-491c-901e-c6fc67aedd52,ACS_Throat,,Misc,Oral Cavity,Coded,,,,,,,Pharynx congested,ACS_Throat_ tonsils,ACS_Apthous_Ulcers,ACS_Oral_Cavity_Other,,,,,,,,,,,,,,,,,,,,,,,,,,,,,,,,,,,,,,,,,,,,,,,,,,,,,,,,,,,,,,,,,,,,,,
33b93769-a551-4cd0-a7ac-943fb48d8c00,Air entry right decreased,,Misc,,N/A,,,,,,,,,,,,,,,,,,,,,,,,,,,,,,,,,,,,,,,,,,,,,,,,,,,,,,,,,,,,,,,,,,,,,,,,,,,,,,,,
4f012818-3468-4ef5-b4f2-1d836b001914,Air entry left decreased,,Misc,,N/A,,,,,,,,,,,,,,,,,,,,,,,,,,,,,,,,,,,,,,,,,,,,,,,,,,,,,,,,,,,,,,,,,,,,,,,,,,,,,,,,
765a21d7-6fc4-4352-ab8e-273055072338,ACS_Respiratory_Bronchial_Breathing_Right,,Misc,Bronchial breathing right,N/A,,,,,,,,,,,,,,,,,,,,,,,,,,,,,,,,,,,,,,,,,,,,,,,,,,,,,,,,,,,,,,,,,,,,,,,,,,,,,,,,
6dee423e-8590-4454-a842-2cffce27648d,Bronchial breathing left,,Misc,,N/A,,,,,,,,,,,,,,,,,,,,,,,,,,,,,,,,,,,,,,,,,,,,,,,,,,,,,,,,,,,,,,,,,,,,,,,,,,,,,,,,
97b6d1f5-2b7e-426f-b5f9-f93c7f0db9f5,ACS_Respiratory_Crepitations_Right_Upper,,Misc,Crepitations right upper,N/A,,,,,,,,,,,,,,,,,,,,,,,,,,,,,,,,,,,,,,,,,,,,,,,,,,,,,,,,,,,,,,,,,,,,,,,,,,,,,,,,
6d695faf-7792-4283-8d49-6c3bc3290bf2,ACS_Respiratory_Crepitations_Left_Upper,,Misc,Crepitations left upper,N/A,,,,,,,,,,,,,,,,,,,,,,,,,,,,,,,,,,,,,,,,,,,,,,,,,,,,,,,,,,,,,,,,,,,,,,,,,,,,,,,,
3daff683-9d5f-43ac-8307-cd531417e9f8,ACS_Respiratory_Crepitations_Right_Lower,,Misc,Crepitations right lower,N/A,,,,,,,,,,,,,,,,,,,,,,,,,,,,,,,,,,,,,,,,,,,,,,,,,,,,,,,,,,,,,,,,,,,,,,,,,,,,,,,,
63ca0c78-7975-4098-a3a1-ec71fceda204,ACS_Respiratory_Crepitations_Left_Lower,,Misc,Crepitations left lower,N/A,,,,,,,,,,,,,,,,,,,,,,,,,,,,,,,,,,,,,,,,,,,,,,,,,,,,,,,,,,,,,,,,,,,,,,,,,,,,,,,,
bfc3a045-000b-4125-a83c-28b991b2871e,ACS_Wheeze,,Misc,Wheeze right,N/A,,,,,,,,,,,,,,,,,,,,,,,,,,,,,,,,,,,,,,,,,,,,,,,,,,,,,,,,,,,,,,,,,,,,,,,,,,,,,,,,
7a964158-1b78-4951-baa7-c97416ad632a,ACS_Wheeze_left,,Misc,Wheeze left,N/A,,,,,,,,,,,,,,,,,,,,,,,,,,,,,,,,,,,,,,,,,,,,,,,,,,,,,,,,,,,,,,,,,,,,,,,,,,,,,,,,
7d3a1a03-5eda-4297-94b5-f4ce14f46fce,ACS_Auscultation,,Misc,Respiratory,Coded,,,,,,,Air entry right decreased,Air entry left decreased,ACS_Respiratory_Bronchial_Breathing_Right,Bronchial breathing left,ACS_Respiratory_Crepitations_Right_Upper,ACS_Respiratory_Crepitations_Left_Upper,ACS_Respiratory_Crepitations_Right_Lower,ACS_Respiratory_Crepitations_Left_Lower,ACS_Wheeze,ACS_Wheeze_left,,,,,,,,,,,,,,,,,,,,,,,,,,,,,,,,,,,,,,,,,,,,,,,,,,,,,,,,,,,,,,,,
54eda0f7-30ad-4248-99d8-1463d1cc152c,ACS_Abdomen_Palpation_Tender,,Misc,Tenderness,N/A,,,,,,,,,,,,,,,,,,,,,,,,,,,,,,,,,,,,,,,,,,,,,,,,,,,,,,,,,,,,,,,,,,,,,,,,,,,,,,,,
305ac5be-a525-418a-97bb-7eb4fd863839,ACS_Abdomen_liver enlarged,,Misc,Liver enlarged,N/A,,,,,,,,,,,,,,,,,,,,,,,,,,,,,,,,,,,,,,,,,,,,,,,,,,,,,,,,,,,,,,,,,,,,,,,,,,,,,,,,
3b0cd078-a871-43ba-ad1e-c2950c1af877,ACS_Abdomen_Spleen enlarged,,Misc,Spleen enlarged,N/A,,,,,,,,,,,,,,,,,,,,,,,,,,,,,,,,,,,,,,,,,,,,,,,,,,,,,,,,,,,,,,,,,,,,,,,,,,,,,,,,
30856f6f-7542-480f-864d-60579161529c,ACS_CNS_Other,,Misc,Others,N/A,,,,,,,,,,,,,,,,,,,,,,,,,,,,,,,,,,,,,,,,,,,,,,,,,,,,,,,,,,,,,,,,,,,,,,,,,,,,,,,,
d0ef97fa-b42f-479c-8914-48a3a8ea74d1,ACS_Abdomen,,Misc,Abdomen,Coded,,,,,,,ACS_Abdomen_Palpation_Tender,ACS_Abdomen_liver enlarged,ACS_Abdomen_Spleen enlarged,ACS_CNS_Other,,,,,,,,,,,,,,,,,,,,,,,,,,,,,,,,,,,,,,,,,,,,,,,,,,,,,,,,,,,,,,,,,,,,,,
edaf4fdd-9c4c-4dff-83cd-303bf54bb901,ACS_Location_Diffuse,,Misc,Diffuse,N/A,,,,,,,,,,,,,,,,,,,,,,,,,,,,,,,,,,,,,,,,,,,,,,,,,,,,,,,,,,,,,,,,,,,,,,,,,,,,,,,,
ca823137-f560-472b-a381-7a1d89980688,ACS_Location_epigastric,,Misc,Epigastric,N/A,,,,,,,,,,,,,,,,,,,,,,,,,,,,,,,,,,,,,,,,,,,,,,,,,,,,,,,,,,,,,,,,,,,,,,,,,,,,,,,,
c060404f-3a57-483c-802f-ca3ae80b3ed7,ACS_ Location_right hypochondrium,,Misc,Right hypochondrium,N/A,,,,,,,,,,,,,,,,,,,,,,,,,,,,,,,,,,,,,,,,,,,,,,,,,,,,,,,,,,,,,,,,,,,,,,,,,,,,,,,,
a7730f43-b8a2-4d61-b93a-67e4e2c7c8aa,ACS_Location_left hypochondrium,,Misc,Left hypochondrium,N/A,,,,,,,,,,,,,,,,,,,,,,,,,,,,,,,,,,,,,,,,,,,,,,,,,,,,,,,,,,,,,,,,,,,,,,,,,,,,,,,,
9b312711-d839-45fc-ba00-05bfcc8055d1,ACS_Location_periumbilical,,Misc,Periumbilical,N/A,,,,,,,,,,,,,,,,,,,,,,,,,,,,,,,,,,,,,,,,,,,,,,,,,,,,,,,,,,,,,,,,,,,,,,,,,,,,,,,,
0ad74517-2e48-4612-8bb4-5e6776a901aa,ACS_Location_right lumbar,,Misc,Right lumbar,N/A,,,,,,,,,,,,,,,,,,,,,,,,,,,,,,,,,,,,,,,,,,,,,,,,,,,,,,,,,,,,,,,,,,,,,,,,,,,,,,,,
5b11cd50-9c9d-45a2-bd30-ac40b005e1ee,ACS_Location_left lumbar,,Misc,Left lumbar,N/A,,,,,,,,,,,,,,,,,,,,,,,,,,,,,,,,,,,,,,,,,,,,,,,,,,,,,,,,,,,,,,,,,,,,,,,,,,,,,,,,
d24fc36a-7932-4f6d-a04b-b3452ad2de68,ACS_Location_right ilica,,Misc,Right iliac,N/A,,,,,,,,,,,,,,,,,,,,,,,,,,,,,,,,,,,,,,,,,,,,,,,,,,,,,,,,,,,,,,,,,,,,,,,,,,,,,,,,
b9835fb5-db6d-4f3e-9418-2663c2cd9df5,ACS_Location_left iliac,,Misc,Left iliac,N/A,,,,,,,,,,,,,,,,,,,,,,,,,,,,,,,,,,,,,,,,,,,,,,,,,,,,,,,,,,,,,,,,,,,,,,,,,,,,,,,,
87e7c3ca-8d5a-49d3-a453-7dde2f4f9f47,ACS_Location_suprapubic,,Misc,Suprapubic,N/A,,,,,,,,,,,,,,,,,,,,,,,,,,,,,,,,,,,,,,,,,,,,,,,,,,,,,,,,,,,,,,,,,,,,,,,,,,,,,,,,
47a30679-57c5-4cf0-b390-9d321696d2ed,ACS_Abdomen_Location,,Misc,Tenderness Location,Coded,,,,,,,ACS_Location_Diffuse,ACS_Location_epigastric,ACS_ Location_right hypochondrium,ACS_Location_left hypochondrium,ACS_Location_periumbilical,ACS_Location_right lumbar,ACS_Location_left lumbar,ACS_Location_right ilica,ACS_Location_left iliac,ACS_Location_suprapubic,,,,,,,,,,,,,,,,,,,,,,,,,,,,,,,,,,,,,,,,,,,,,,,,,,,,,,,,,,,,,,,,
ebdd18a6-8a9b-44da-9ff8-a7382c94dc89,Disoriented,,Misc,,N/A,,,,,,,,,,,,,,,,,,,,,,,,,,,,,,,,,,,,,,,,,,,,,,,,,,,,,,,,,,,,,,,,,,,,,,,,,,,,,,,,
e90e8631-bd5d-42b0-b318-3ec2f1c0a7bc,ACS_Enlagred,,Misc,Pupils enlarged,N/A,,,,,,,,,,,,,,,,,,,,,,,,,,,,,,,,,,,,,,,,,,,,,,,,,,,,,,,,,,,,,,,,,,,,,,,,,,,,,,,,
27092f3e-81bf-49e2-8187-24ddaff911b1,ACS_Constricted,,Misc,Pupils constricted,N/A,,,,,,,,,,,,,,,,,,,,,,,,,,,,,,,,,,,,,,,,,,,,,,,,,,,,,,,,,,,,,,,,,,,,,,,,,,,,,,,,
496da398-1e37-4c5d-9b22-eaa77d3de10a,ACS_Sluggishly_Reacting_To_Light,,Misc,Pupils sluggish reaction to light,N/A,,,,,,,,,,,,,,,,,,,,,,,,,,,,,,,,,,,,,,,,,,,,,,,,,,,,,,,,,,,,,,,,,,,,,,,,,,,,,,,,
9b959715-ba58-4751-a702-96eb5211519c,ACS_Right_Hemiparesis,,Misc,Hemiparesis right,N/A,,,,,,,,,,,,,,,,,,,,,,,,,,,,,,,,,,,,,,,,,,,,,,,,,,,,,,,,,,,,,,,,,,,,,,,,,,,,,,,,
00c3a2ef-c164-432b-8c3d-c489cddd1f98,ACS_Left_Hemiparesis,,Misc,Hemiparesis left,N/A,,,,,,,,,,,,,,,,,,,,,,,,,,,,,,,,,,,,,,,,,,,,,,,,,,,,,,,,,,,,,,,,,,,,,,,,,,,,,,,,
c97d97be-415a-4d69-8882-45d2d1393011,Cranial nerve palsy right,,Misc,,N/A,,,,,,,,,,,,,,,,,,,,,,,,,,,,,,,,,,,,,,,,,,,,,,,,,,,,,,,,,,,,,,,,,,,,,,,,,,,,,,,,
b8a4bc52-fdbb-41eb-b7d3-aca5c1b117cc,Cranial nerve palsy left,,Misc,,N/A,,,,,,,,,,,,,,,,,,,,,,,,,,,,,,,,,,,,,,,,,,,,,,,,,,,,,,,,,,,,,,,,,,,,,,,,,,,,,,,,
f8cb6062-8b26-4530-bf26-4952b8d7c170,Neck rigidity,,Misc,,N/A,,,,,,,,,,,,,,,,,,,,,,,,,,,,,,,,,,,,,,,,,,,,,,,,,,,,,,,,,,,,,,,,,,,,,,,,,,,,,,,,
30856f6f-7542-480f-864d-60579161529c,ACS_CNS_Other,,Misc,Others,N/A,,,,,,,,,,,,,,,,,,,,,,,,,,,,,,,,,,,,,,,,,,,,,,,,,,,,,,,,,,,,,,,,,,,,,,,,,,,,,,,,
df2c52da-8803-435f-8694-109b5f32c18d,ACS_CNS,,Misc,CNS,Coded,,,,,,,Disoriented,ACS_Enlagred,ACS_Constricted,ACS_Sluggishly_Reacting_To_Light,ACS_Right_Hemiparesis,ACS_Left_Hemiparesis,Cranial nerve palsy right,Cranial nerve palsy left,Neck rigidity,ACS_CNS_Other,,,,,,,,,,,,,,,,,,,,,,,,,,,,,,,,,,,,,,,,,,,,,,,,,,,,,,,,,,,,,,,,
5723658a-c4d1-4e5d-8070-e92c3a79948b,ACS_CVS_Congestive_Health_Failure,,Misc,Congestive heart failure,N/A,,,,,,,,,,,,,,,,,,,,,,,,,,,,,,,,,,,,,,,,,,,,,,,,,,,,,,,,,,,,,,,,,,,,,,,,,,,,,,,,
191dd8be-c784-4f11-b60f-1bc630e0852a,ACS_CVS_Systolic_Murmur,,Misc,Systolic murmur,N/A,,,,,,,,,,,,,,,,,,,,,,,,,,,,,,,,,,,,,,,,,,,,,,,,,,,,,,,,,,,,,,,,,,,,,,,,,,,,,,,,
94606963-6bd1-4918-b483-1663f2757588,Diastolic murmur,,Misc,,N/A,,,,,,,,,,,,,,,,,,,,,,,,,,,,,,,,,,,,,,,,,,,,,,,,,,,,,,,,,,,,,,,,,,,,,,,,,,,,,,,,
357624b6-245c-4c9a-8cee-394f50f5f3ed,ACS_CVS_Arrythmia,,Misc,Arrythmia,N/A,,,,,,,,,,,,,,,,,,,,,,,,,,,,,,,,,,,,,,,,,,,,,,,,,,,,,,,,,,,,,,,,,,,,,,,,,,,,,,,,
30856f6f-7542-480f-864d-60579161529c,ACS_CNS_Other,,Misc,Others,N/A,,,,,,,,,,,,,,,,,,,,,,,,,,,,,,,,,,,,,,,,,,,,,,,,,,,,,,,,,,,,,,,,,,,,,,,,,,,,,,,,
cde4a102-da4d-4679-b8df-35c9c7af076a,ACS_CVS_Condition,,Misc,CVS,Coded,,,,,,,ACS_CVS_Congestive_Health_Failure,ACS_CVS_Systolic_Murmur,Diastolic murmur,ACS_CVS_Arrythmia,ACS_CNS_Other,,,,,,,,,,,,,,,,,,,,,,,,,,,,,,,,,,,,,,,,,,,,,,,,,,,,,,,,,,,,,,,,,,,,,
db9c565f-c499-449f-a288-7f23410ffc7d,ACS_Swelling,,Misc,Swelling,N/A,,,,,,,,,,,,,,,,,,,,,,,,,,,,,,,,,,,,,,,,,,,,,,,,,,,,,,,,,,,,,,,,,,,,,,,,,,,,,,,,
0427f8b2-265f-4bd5-9dff-8cc36e8fc806,ACS_Restriction of movement,,Misc,Restriction of movement,N/A,,,,,,,,,,,,,,,,,,,,,,,,,,,,,,,,,,,,,,,,,,,,,,,,,,,,,,,,,,,,,,,,,,,,,,,,,,,,,,,,
16bc1ca0-6955-4429-9699-90f3be559ca5,ACS_Joints,,Misc,Joints,Coded,,,,,,,ACS_Swelling,ACS_Restriction of movement,,,,,,,,,,,,,,,,,,,,,,,,,,,,,,,,,,,,,,,,,,,,,,,,,,,,,,,,,,,,,,,,,,,,,,,,
da77c815-0092-43e1-a960-6583b5812e15,ACS_No_of_joints_involved_Single,,Misc,Single,N/A,,,,,,,,,,,,,,,,,,,,,,,,,,,,,,,,,,,,,,,,,,,,,,,,,,,,,,,,,,,,,,,,,,,,,,,,,,,,,,,,
648bb4cd-a1b9-42d2-8ad2-7f47266b10dc,ACS_No_of_joints_involved_Multiple,,Misc,Multiple,N/A,,,,,,,,,,,,,,,,,,,,,,,,,,,,,,,,,,,,,,,,,,,,,,,,,,,,,,,,,,,,,,,,,,,,,,,,,,,,,,,,
f3b0c25b-c812-4db3-9881-17fd4b9fec06,ACS_No_of_joints_involved,,Misc,No of joints involved,Coded,,,,,,,ACS_No_of_joints_involved_Single,ACS_No_of_joints_involved_Multiple,,,,,,,,,,,,,,,,,,,,,,,,,,,,,,,,,,,,,,,,,,,,,,,,,,,,,,,,,,,,,,,,,,,,,,,,
2dcfd5e4-e772-4815-934c-913e80664c54,ACS_Small_joints_of_hands,,Misc,Small joints of hand,N/A,,,,,,,,,,,,,,,,,,,,,,,,,,,,,,,,,,,,,,,,,,,,,,,,,,,,,,,,,,,,,,,,,,,,,,,,,,,,,,,,
473bf273-d08f-4992-a62f-e3b221b54a27,ACS_Large_joints_of_hands,,Misc,Large joints of hand,N/A,,,,,,,,,,,,,,,,,,,,,,,,,,,,,,,,,,,,,,,,,,,,,,,,,,,,,,,,,,,,,,,,,,,,,,,,,,,,,,,,
0a9bb15c-1398-4770-8bf3-a751bdf347e6,ACS_Small_joints_of_leg,,Misc,Small joints of leg,N/A,,,,,,,,,,,,,,,,,,,,,,,,,,,,,,,,,,,,,,,,,,,,,,,,,,,,,,,,,,,,,,,,,,,,,,,,,,,,,,,,
20f0d334-1e14-4c4f-8dd1-7cdeb3a59e97,ACS_Large_joints_of_leg,,Misc,Large joints of leg,N/A,,,,,,,,,,,,,,,,,,,,,,,,,,,,,,,,,,,,,,,,,,,,,,,,,,,,,,,,,,,,,,,,,,,,,,,,,,,,,,,,
da99cb39-451e-49ea-aceb-ad07c88afa62,ACS_If swelling location,,Misc,Joint Location,Coded,,,,,,,ACS_Small_joints_of_hands,ACS_Large_joints_of_hands,ACS_Small_joints_of_leg,ACS_Large_joints_of_leg,,,,,,,,,,,,,,,,,,,,,,,,,,,,,,,,,,,,,,,,,,,,,,,,,,,,,,,,,,,,,,,,,,,,,,
828677c4-854c-4fe2-a8f8-1055ccd0a725,ACS_Skin_Tinea,,Misc,Tinea,N/A,,,,,,,,,,,,,,,,,,,,,,,,,,,,,,,,,,,,,,,,,,,,,,,,,,,,,,,,,,,,,,,,,,,,,,,,,,,,,,,,
9f8b8163-5622-4a6c-b0c5-06e0143ee6b2,ACS_Skin_Scabies,,Misc,Scabies,N/A,,,,,,,,,,,,,,,,,,,,,,,,,,,,,,,,,,,,,,,,,,,,,,,,,,,,,,,,,,,,,,,,,,,,,,,,,,,,,,,,
68dd09c1-947a-424c-bed8-5c501e85a4ed,ACS_Skin_Impetigo,,Misc,Impetigo,N/A,,,,,,,,,,,,,,,,,,,,,,,,,,,,,,,,,,,,,,,,,,,,,,,,,,,,,,,,,,,,,,,,,,,,,,,,,,,,,,,,
580a2a44-1f98-4c78-9f62-bdaae2a99ba9,ACS_Skin_Eczematous_Dermatitis,,Misc,Eczematous dermatitis,N/A,,,,,,,,,,,,,,,,,,,,,,,,,,,,,,,,,,,,,,,,,,,,,,,,,,,,,,,,,,,,,,,,,,,,,,,,,,,,,,,,
8500ea05-d377-417b-962b-d7770ecf0ca9,ACS_Skin_Vesicles,,Misc,Vesicles,N/A,,,,,,,,,,,,,,,,,,,,,,,,,,,,,,,,,,,,,,,,,,,,,,,,,,,,,,,,,,,,,,,,,,,,,,,,,,,,,,,,
d6d043f9-71db-4206-a83d-c9002a5a9c02,ACS_Skin_Warts,,Misc,Warts,N/A,,,,,,,,,,,,,,,,,,,,,,,,,,,,,,,,,,,,,,,,,,,,,,,,,,,,,,,,,,,,,,,,,,,,,,,,,,,,,,,,
30856f6f-7542-480f-864d-60579161529c,ACS_CNS_Other,,Misc,Others,N/A,,,,,,,,,,,,,,,,,,,,,,,,,,,,,,,,,,,,,,,,,,,,,,,,,,,,,,,,,,,,,,,,,,,,,,,,,,,,,,,,
71a4b598-9479-4950-9ba2-d14e7f5cedc3,ACS_Skin_Condition,,Misc,Skin,Coded,,,,,,,ACS_Skin_Tinea,ACS_Skin_Scabies,ACS_Skin_Impetigo,ACS_Skin_Eczematous_Dermatitis,ACS_Skin_Vesicles,ACS_Skin_Warts,ACS_CNS_Other,,,,,,,,,,,,,,,,,,,,,,,,,,,,,,,,,,,,,,,,,,,,,,,,,,,,,,,,,,,,,,,,,,,
3bda6825-79f5-491f-bcd8-92f0676cf713,ACS_Eye_conjuctivitis,,Misc,Conjunctivitis,N/A,,,,,,,,,,,,,,,,,,,,,,,,,,,,,,,,,,,,,,,,,,,,,,,,,,,,,,,,,,,,,,,,,,,,,,,,,,,,,,,,
df92664b-63ed-4446-86d7-93dafaa6170a,ACS_Eye_discharge,,Misc,Discharge,N/A,,,,,,,,,,,,,,,,,,,,,,,,,,,,,,,,,,,,,,,,,,,,,,,,,,,,,,,,,,,,,,,,,,,,,,,,,,,,,,,,
bfa303c0-cfd5-4624-9253-3efc04d37931,ACS_Eye_pterygium,,Misc,Pterygium,N/A,,,,,,,,,,,,,,,,,,,,,,,,,,,,,,,,,,,,,,,,,,,,,,,,,,,,,,,,,,,,,,,,,,,,,,,,,,,,,,,,
c79488e8-9fa1-48a3-9752-85098241a3aa,Bitot's spots,,Misc,,N/A,,,,,,,,,,,,,,,,,,,,,,,,,,,,,,,,,,,,,,,,,,,,,,,,,,,,,,,,,,,,,,,,,,,,,,,,,,,,,,,,
30befca6-ec63-4bbd-9f88-34c3e4b52374,ACS_Cataract_R,,Misc,Cataract R,N/A,,,,,,,,,,,,,,,,,,,,,,,,,,,,,,,,,,,,,,,,,,,,,,,,,,,,,,,,,,,,,,,,,,,,,,,,,,,,,,,,
c162c6b5-97ec-4758-ae53-748d8c41b6d3,ACS_Cataract_L,,Misc,Cataract L,N/A,,,,,,,,,,,,,,,,,,,,,,,,,,,,,,,,,,,,,,,,,,,,,,,,,,,,,,,,,,,,,,,,,,,,,,,,,,,,,,,,
327d7037-2331-4675-8615-f8f94dd85d4d,ACS_Eye,,Misc,Eye,Coded,,,,,,,ACS_Eye_conjuctivitis,ACS_Eye_discharge,ACS_Eye_pterygium,Bitot's spots,ACS_Cataract_R,ACS_Cataract_L,,,,,,,,,,,,,,,,,,,,,,,,,,,,,,,,,,,,,,,,,,,,,,,,,,,,,,,,,,,,,,,,,,,,
5f3809e3-e4d5-4d06-b74d-027c4f8cf843,ACS_Vision_Right_Left_6/6,,Misc,06-Jun,N/A,,,,,,,,,,,,,,,,,,,,,,,,,,,,,,,,,,,,,,,,,,,,,,,,,,,,,,,,,,,,,,,,,,,,,,,,,,,,,,,,
1d1385e6-519f-48ed-9ba4-defbff4a2ac0,ACS_Vision_Right_Left_6/12,,Misc,06-Dec,N/A,,,,,,,,,,,,,,,,,,,,,,,,,,,,,,,,,,,,,,,,,,,,,,,,,,,,,,,,,,,,,,,,,,,,,,,,,,,,,,,,
2f6faeb0-95b7-4ba9-987e-e8644fa897a7,ACS_Vision_Right_Left_6/18,,Misc,Jun-18,N/A,,,,,,,,,,,,,,,,,,,,,,,,,,,,,,,,,,,,,,,,,,,,,,,,,,,,,,,,,,,,,,,,,,,,,,,,,,,,,,,,
ee1af926-b0ff-462b-a531-7fa039647f67,ACS_Vision_Right_Left_6/24,,Misc,Jun-24,N/A,,,,,,,,,,,,,,,,,,,,,,,,,,,,,,,,,,,,,,,,,,,,,,,,,,,,,,,,,,,,,,,,,,,,,,,,,,,,,,,,
a2edaec3-6f98-4595-9c38-4492fa435284,ACS_Vision_Right_Left_6/30,,Misc,Jun-30,N/A,,,,,,,,,,,,,,,,,,,,,,,,,,,,,,,,,,,,,,,,,,,,,,,,,,,,,,,,,,,,,,,,,,,,,,,,,,,,,,,,
e45743f1-e577-4b85-8e86-f075a06776e5,ACS_Vision_Right_Left_6/36,,Misc,Jun-36,N/A,,,,,,,,,,,,,,,,,,,,,,,,,,,,,,,,,,,,,,,,,,,,,,,,,,,,,,,,,,,,,,,,,,,,,,,,,,,,,,,,
8db1abfb-f478-41b0-bd5d-f8b4f3ffb38f,ACS_Vision_Right_Left_6/42,,Misc,Jun-42,N/A,,,,,,,,,,,,,,,,,,,,,,,,,,,,,,,,,,,,,,,,,,,,,,,,,,,,,,,,,,,,,,,,,,,,,,,,,,,,,,,,
c392de2d-67e0-4bf3-b803-c95e16c94d44,ACS_Vision_Right_Left_6/48,,Misc,Jun-48,N/A,,,,,,,,,,,,,,,,,,,,,,,,,,,,,,,,,,,,,,,,,,,,,,,,,,,,,,,,,,,,,,,,,,,,,,,,,,,,,,,,
7a53e719-19ff-4f5d-bb31-cfca9125ed17,ACS_Vision_Right_Left_6/54,,Misc,Jun-54,N/A,,,,,,,,,,,,,,,,,,,,,,,,,,,,,,,,,,,,,,,,,,,,,,,,,,,,,,,,,,,,,,,,,,,,,,,,,,,,,,,,
82f67853-1782-4966-ac9e-1feff9c9a5b8,ACS_Vision_Right_Left_6/60,,Misc,Jun-60,N/A,,,,,,,,,,,,,,,,,,,,,,,,,,,,,,,,,,,,,,,,,,,,,,,,,,,,,,,,,,,,,,,,,,,,,,,,,,,,,,,,
ca169f7a-ef73-40e3-b885-790dbc4425ff,ACS_Vision_Right,,Misc,Vision test right,Coded,,,,,,,ACS_Vision_Right_Left_6/6,ACS_Vision_Right_Left_6/12,ACS_Vision_Right_Left_6/18,ACS_Vision_Right_Left_6/24,ACS_Vision_Right_Left_6/30,ACS_Vision_Right_Left_6/36,ACS_Vision_Right_Left_6/42,ACS_Vision_Right_Left_6/48,ACS_Vision_Right_Left_6/54,ACS_Vision_Right_Left_6/60,,,,,,,,,,,,,,,,,,,,,,,,,,,,,,,,,,,,,,,,,,,,,,,,,,,,,,,,,,,,,,,,
5f3809e3-e4d5-4d06-b74d-027c4f8cf843,ACS_Vision_Right_Left_6/6,,Misc,06-Jun,N/A,,,,,,,,,,,,,,,,,,,,,,,,,,,,,,,,,,,,,,,,,,,,,,,,,,,,,,,,,,,,,,,,,,,,,,,,,,,,,,,,
1d1385e6-519f-48ed-9ba4-defbff4a2ac0,ACS_Vision_Right_Left_6/12,,Misc,06-Dec,N/A,,,,,,,,,,,,,,,,,,,,,,,,,,,,,,,,,,,,,,,,,,,,,,,,,,,,,,,,,,,,,,,,,,,,,,,,,,,,,,,,
2f6faeb0-95b7-4ba9-987e-e8644fa897a7,ACS_Vision_Right_Left_6/18,,Misc,Jun-18,N/A,,,,,,,,,,,,,,,,,,,,,,,,,,,,,,,,,,,,,,,,,,,,,,,,,,,,,,,,,,,,,,,,,,,,,,,,,,,,,,,,
ee1af926-b0ff-462b-a531-7fa039647f67,ACS_Vision_Right_Left_6/24,,Misc,Jun-24,N/A,,,,,,,,,,,,,,,,,,,,,,,,,,,,,,,,,,,,,,,,,,,,,,,,,,,,,,,,,,,,,,,,,,,,,,,,,,,,,,,,
a2edaec3-6f98-4595-9c38-4492fa435284,ACS_Vision_Right_Left_6/30,,Misc,Jun-30,N/A,,,,,,,,,,,,,,,,,,,,,,,,,,,,,,,,,,,,,,,,,,,,,,,,,,,,,,,,,,,,,,,,,,,,,,,,,,,,,,,,
e45743f1-e577-4b85-8e86-f075a06776e5,ACS_Vision_Right_Left_6/36,,Misc,Jun-36,N/A,,,,,,,,,,,,,,,,,,,,,,,,,,,,,,,,,,,,,,,,,,,,,,,,,,,,,,,,,,,,,,,,,,,,,,,,,,,,,,,,
8db1abfb-f478-41b0-bd5d-f8b4f3ffb38f,ACS_Vision_Right_Left_6/42,,Misc,Jun-42,N/A,,,,,,,,,,,,,,,,,,,,,,,,,,,,,,,,,,,,,,,,,,,,,,,,,,,,,,,,,,,,,,,,,,,,,,,,,,,,,,,,
c392de2d-67e0-4bf3-b803-c95e16c94d44,ACS_Vision_Right_Left_6/48,,Misc,Jun-48,N/A,,,,,,,,,,,,,,,,,,,,,,,,,,,,,,,,,,,,,,,,,,,,,,,,,,,,,,,,,,,,,,,,,,,,,,,,,,,,,,,,
7a53e719-19ff-4f5d-bb31-cfca9125ed17,ACS_Vision_Right_Left_6/54,,Misc,Jun-54,N/A,,,,,,,,,,,,,,,,,,,,,,,,,,,,,,,,,,,,,,,,,,,,,,,,,,,,,,,,,,,,,,,,,,,,,,,,,,,,,,,,
82f67853-1782-4966-ac9e-1feff9c9a5b8,ACS_Vision_Right_Left_6/60,,Misc,Jun-60,N/A,,,,,,,,,,,,,,,,,,,,,,,,,,,,,,,,,,,,,,,,,,,,,,,,,,,,,,,,,,,,,,,,,,,,,,,,,,,,,,,,
dabe9559-64fc-4653-a3d0-b9fb5550776c,ACS_Vision_Left,,Misc,Vision test left,Coded,,,,,,,ACS_Vision_Right_Left_6/6,ACS_Vision_Right_Left_6/12,ACS_Vision_Right_Left_6/18,ACS_Vision_Right_Left_6/24,ACS_Vision_Right_Left_6/30,ACS_Vision_Right_Left_6/36,ACS_Vision_Right_Left_6/42,ACS_Vision_Right_Left_6/48,ACS_Vision_Right_Left_6/54,ACS_Vision_Right_Left_6/60,,,,,,,,,,,,,,,,,,,,,,,,,,,,,,,,,,,,,,,,,,,,,,,,,,,,,,,,,,,,,,,,
9ed9839c-4788-4e18-bfb7-15178c7e45f1,ACS_Ear_Discharge,,Misc,Discharge,N/A,,,,,,,,,,,,,,,,,,,,,,,,,,,,,,,,,,,,,,,,,,,,,,,,,,,,,,,,,,,,,,,,,,,,,,,,,,,,,,,,
d038d097-4a1c-4fe9-af6b-66d7c5ef7326,ACS_Ear_Tympanic perforation,,Misc,TM perforation,N/A,,,,,,,,,,,,,,,,,,,,,,,,,,,,,,,,,,,,,,,,,,,,,,,,,,,,,,,,,,,,,,,,,,,,,,,,,,,,,,,,
60b5e4df-c603-4884-ae5f-1e9ca3f57fcc,ACS_Ear_Bulging,,Misc,TM bulging,N/A,,,,,,,,,,,,,,,,,,,,,,,,,,,,,,,,,,,,,,,,,,,,,,,,,,,,,,,,,,,,,,,,,,,,,,,,,,,,,,,,
1045f7ac-e791-4e16-800b-bdd4eb1aa4c5,ACS_Ear_Redness,,Misc,TM redness,N/A,,,,,,,,,,,,,,,,,,,,,,,,,,,,,,,,,,,,,,,,,,,,,,,,,,,,,,,,,,,,,,,,,,,,,,,,,,,,,,,,
415d3b33-d38d-4ab0-a11e-c013bbc03eaf,ACS_Ear_Pustules_External_Ear,,Misc,Pustules external ear,N/A,,,,,,,,,,,,,,,,,,,,,,,,,,,,,,,,,,,,,,,,,,,,,,,,,,,,,,,,,,,,,,,,,,,,,,,,,,,,,,,,
e20d2e1e-3576-4ba5-ad88-f4e8dcaca999,ACS_Others_Other,,Misc,Others,N/A,,,,,,,,,,,,,,,,,,,,,,,,,,,,,,,,,,,,,,,,,,,,,,,,,,,,,,,,,,,,,,,,,,,,,,,,,,,,,,,,
30028554-1900-4365-9e81-a2beafd3146f,ACS_Ear,,Misc,Ear,Coded,,,,,,,ACS_Ear_Discharge,ACS_Ear_Tympanic perforation,ACS_Ear_Bulging,ACS_Ear_Redness,ACS_Ear_Pustules_External_Ear,ACS_Others_Other,,,,,,,,,,,,,,,,,,,,,,,,,,,,,,,,,,,,,,,,,,,,,,,,,,,,,,,,,,,,,,,,,,,,
e5076171-80e3-46be-a4c3-23510967f23f,ACS_Ear_Left,,Misc,Left,N/A,,,,,,,,,,,,,,,,,,,,,,,,,,,,,,,,,,,,,,,,,,,,,,,,,,,,,,,,,,,,,,,,,,,,,,,,,,,,,,,,
e62efa19-ee8d-4ed3-b212-2ab7daaa7e0d,ACS_Ear_Right,,Misc,Right,N/A,,,,,,,,,,,,,,,,,,,,,,,,,,,,,,,,,,,,,,,,,,,,,,,,,,,,,,,,,,,,,,,,,,,,,,,,,,,,,,,,
16f00474-1b84-4fb2-9c69-2264e06d4f41,ACS_Ear_Side,,Misc,Site of ear infection,Coded,,,,,,,ACS_Ear_Left,ACS_Ear_Right,,,,,,,,,,,,,,,,,,,,,,,,,,,,,,,,,,,,,,,,,,,,,,,,,,,,,,,,,,,,,,,,,,,,,,,,
e3d50ea4-4ac0-4b55-ac3d-0270d817f186,ACS_Breast_Abscess,,Misc,Abscess R,N/A,,,,,,,,,,,,,,,,,,,,,,,,,,,,,,,,,,,,,,,,,,,,,,,,,,,,,,,,,,,,,,,,,,,,,,,,,,,,,,,,
dc2c023b-5dfd-49c8-9cf4-aa7bc8cc78e5,ACS_Breast_Abscess_L,,Misc,Abscess L,N/A,,,,,,,,,,,,,,,,,,,,,,,,,,,,,,,,,,,,,,,,,,,,,,,,,,,,,,,,,,,,,,,,,,,,,,,,,,,,,,,,
5cb865d0-07c3-407a-b04a-6c4aef2196c1,ACS_Breast_Inverted nipple,,Misc,Inverted nipple,N/A,,,,,,,,,,,,,,,,,,,,,,,,,,,,,,,,,,,,,,,,,,,,,,,,,,,,,,,,,,,,,,,,,,,,,,,,,,,,,,,,
3f4a19d6-809f-476b-a920-821bc142f4c4,ACS_Breast_cracked nipple,,Misc,Cracked nipple,N/A,,,,,,,,,,,,,,,,,,,,,,,,,,,,,,,,,,,,,,,,,,,,,,,,,,,,,,,,,,,,,,,,,,,,,,,,,,,,,,,,
37980468-ce39-4661-9b31-edd73d237996,ACS_Breast_engorgement,,Misc,Engorgement,N/A,,,,,,,,,,,,,,,,,,,,,,,,,,,,,,,,,,,,,,,,,,,,,,,,,,,,,,,,,,,,,,,,,,,,,,,,,,,,,,,,
e20d2e1e-3576-4ba5-ad88-f4e8dcaca999,ACS_Others_Other,,Misc,Others,N/A,,,,,,,,,,,,,,,,,,,,,,,,,,,,,,,,,,,,,,,,,,,,,,,,,,,,,,,,,,,,,,,,,,,,,,,,,,,,,,,,
bd1f8116-2cde-48c1-b479-3dd9ef07e020,ACS_Breast_Right,,Misc,Breast,Coded,,,,,,,ACS_Breast_Abscess,ACS_Breast_Abscess_L,ACS_Breast_Inverted nipple,ACS_Breast_cracked nipple,ACS_Breast_engorgement,ACS_Others_Other,,,,,,,,,,,,,,,,,,,,,,,,,,,,,,,,,,,,,,,,,,,,,,,,,,,,,,,,,,,,,,,,,,,,
ced1a9aa-ad0e-49d3-8b9c-a262b6be458a,ACS_Genitals_ulcer,,Misc,Ulcer,N/A,,,,,,,,,,,,,,,,,,,,,,,,,,,,,,,,,,,,,,,,,,,,,,,,,,,,,,,,,,,,,,,,,,,,,,,,,,,,,,,,
b531780d-562d-4441-8c7e-8cefa0d4f340,ACS_Genitals_hydrocele,,Misc,Hydrocele,N/A,,,,,,,,,,,,,,,,,,,,,,,,,,,,,,,,,,,,,,,,,,,,,,,,,,,,,,,,,,,,,,,,,,,,,,,,,,,,,,,,
cec88773-ee29-4d62-87d6-7afb4187fdf0,ACS_Genitals_hernia,,Misc,Hernia,N/A,,,,,,,,,,,,,,,,,,,,,,,,,,,,,,,,,,,,,,,,,,,,,,,,,,,,,,,,,,,,,,,,,,,,,,,,,,,,,,,,
87ef7a0d-9340-49ce-8928-1d423f194946,ACS_Genitals_orchitis,,Misc,Orchitis,N/A,,,,,,,,,,,,,,,,,,,,,,,,,,,,,,,,,,,,,,,,,,,,,,,,,,,,,,,,,,,,,,,,,,,,,,,,,,,,,,,,
c677366a-9e32-4e92-8b88-a35e9d72ec54,ACS_Genitals_Prolapse,,Misc,Prolapse,N/A,,,,,,,,,,,,,,,,,,,,,,,,,,,,,,,,,,,,,,,,,,,,,,,,,,,,,,,,,,,,,,,,,,,,,,,,,,,,,,,,
30856f6f-7542-480f-864d-60579161529c,ACS_CNS_Other,,Misc,Others,N/A,,,,,,,,,,,,,,,,,,,,,,,,,,,,,,,,,,,,,,,,,,,,,,,,,,,,,,,,,,,,,,,,,,,,,,,,,,,,,,,,
027be1f4-df83-4c16-b6b6-3231b9b94614,ACS_Genitals,,Misc,Genitals,Coded,,,,,,,ACS_Genitals_ulcer,ACS_Genitals_hydrocele,ACS_Genitals_hernia,ACS_Genitals_orchitis,ACS_Genitals_Prolapse,ACS_CNS_Other,,,,,,,,,,,,,,,,,,,,,,,,,,,,,,,,,,,,,,,,,,,,,,,,,,,,,,,,,,,,,,,,,,,,
ce6cf715-09b3-41dd-b6c1-2d63713b87e1,ACS_P_S_cervicitis,,Misc,Cervicitis,N/A,,,,,,,,,,,,,,,,,,,,,,,,,,,,,,,,,,,,,,,,,,,,,,,,,,,,,,,,,,,,,,,,,,,,,,,,,,,,,,,,
ab3083ae-40c3-4c1f-90d0-e06eea1011ca,Vaginitis,,Misc,,N/A,,,,,,,,,,,,,,,,,,,,,,,,,,,,,,,,,,,,,,,,,,,,,,,,,,,,,,,,,,,,,,,,,,,,,,,,,,,,,,,,
749aa247-5e79-485c-9105-ae38e15045d7,ACS_Discharge_curdy,,Misc,Discharge curdy,N/A,,,,,,,,,,,,,,,,,,,,,,,,,,,,,,,,,,,,,,,,,,,,,,,,,,,,,,,,,,,,,,,,,,,,,,,,,,,,,,,,
9771298f-5ccc-4157-aa0f-02d6baecb3b0,ACS_Discharge_greenish,,Misc,Discharge greenish,N/A,,,,,,,,,,,,,,,,,,,,,,,,,,,,,,,,,,,,,,,,,,,,,,,,,,,,,,,,,,,,,,,,,,,,,,,,,,,,,,,,
2cfdc822-3471-4de7-8d16-4ab2dc41434f,ACS_Foul_Smelling,,Misc,Discharge foul smelling,N/A,,,,,,,,,,,,,,,,,,,,,,,,,,,,,,,,,,,,,,,,,,,,,,,,,,,,,,,,,,,,,,,,,,,,,,,,,,,,,,,,
26dd840f-21d3-4b63-834e-643481216667,ACS_Tenderness_p_v,,Misc,Tenderness p/v,N/A,,,,,,,,,,,,,,,,,,,,,,,,,,,,,,,,,,,,,,,,,,,,,,,,,,,,,,,,,,,,,,,,,,,,,,,,,,,,,,,,
30c94f4e-cb75-4de5-a1ca-8188541c975c,ACS_Bleeding_From_Cervix,,Misc,Bleeding from cervix,N/A,,,,,,,,,,,,,,,,,,,,,,,,,,,,,,,,,,,,,,,,,,,,,,,,,,,,,,,,,,,,,,,,,,,,,,,,,,,,,,,,
a9ad385d-a356-438a-8e9b-8c4dd9936a68,ACS_P_S_Prolapse,,Misc,Prolapse,N/A,,,,,,,,,,,,,,,,,,,,,,,,,,,,,,,,,,,,,,,,,,,,,,,,,,,,,,,,,,,,,,,,,,,,,,,,,,,,,,,,
e20d2e1e-3576-4ba5-ad88-f4e8dcaca999,ACS_Others_Other,,Misc,Others,N/A,,,,,,,,,,,,,,,,,,,,,,,,,,,,,,,,,,,,,,,,,,,,,,,,,,,,,,,,,,,,,,,,,,,,,,,,,,,,,,,,
3feb8b40-9ab2-4f9c-ac03-39d03c59ba95,ACS_P_S,,Misc,P/S,Coded,,,,,,,ACS_P_S_cervicitis,Vaginitis,ACS_Discharge_curdy,ACS_Discharge_greenish,ACS_Foul_Smelling,ACS_Tenderness_p_v,ACS_Bleeding_From_Cervix,ACS_P_S_Prolapse,ACS_Others_Other,,,,,,,,,,,,,,,,,,,,,,,,,,,,,,,,,,,,,,,,,,,,,,,,,,,,,,,,,,,,,,,,,
cba4a7dc-aebb-432b-9b35-acf08c6aeee4,ACS_Fullness_Of_Fornix,,Misc,Fullness of fornix right,N/A,,,,,,,,,,,,,,,,,,,,,,,,,,,,,,,,,,,,,,,,,,,,,,,,,,,,,,,,,,,,,,,,,,,,,,,,,,,,,,,,
b065b2af-5fff-4969-bf5d-c170fc22dc25,ACS_Fullness_Of_Fornix_Left,,Misc,Fullness of fornix left,N/A,,,,,,,,,,,,,,,,,,,,,,,,,,,,,,,,,,,,,,,,,,,,,,,,,,,,,,,,,,,,,,,,,,,,,,,,,,,,,,,,
33495e5d-22c4-4167-9ef4-cf96b875a514,ACS_Tenderness,,Misc,Tenderness,N/A,,,,,,,,,,,,,,,,,,,,,,,,,,,,,,,,,,,,,,,,,,,,,,,,,,,,,,,,,,,,,,,,,,,,,,,,,,,,,,,,
e20d2e1e-3576-4ba5-ad88-f4e8dcaca999,ACS_Others_Other,,Misc,Others,N/A,,,,,,,,,,,,,,,,,,,,,,,,,,,,,,,,,,,,,,,,,,,,,,,,,,,,,,,,,,,,,,,,,,,,,,,,,,,,,,,,
cff4c47f-5098-4c5e-9a4e-8e4bd2b8a38d,ACS_Tenderness_Pv,,Misc,P/V,Coded,,,,,,,ACS_Fullness_Of_Fornix,ACS_Fullness_Of_Fornix_Left,ACS_Tenderness,ACS_Others_Other,,,,,,,,,,,,,,,,,,,,,,,,,,,,,,,,,,,,,,,,,,,,,,,,,,,,,,,,,,,,,,,,,,,,,,
b922d357-868e-4fa9-90e4-bdb66f6b9105,ACS_P_V_6,,Misc,Normal 6,N/A,,,,,,,,,,,,,,,,,,,,,,,,,,,,,,,,,,,,,,,,,,,,,,,,,,,,,,,,,,,,,,,,,,,,,,,,,,,,,,,,
9dcf441a-13bf-4593-8dad-8bd3efe6f046,ACS_P_V_7,,Misc,7,N/A,,,,,,,,,,,,,,,,,,,,,,,,,,,,,,,,,,,,,,,,,,,,,,,,,,,,,,,,,,,,,,,,,,,,,,,,,,,,,,,,
2c7e0444-a5f4-42a8-bd1e-a94a0f89acb1,ACS_P_V_8,,Misc,8,N/A,,,,,,,,,,,,,,,,,,,,,,,,,,,,,,,,,,,,,,,,,,,,,,,,,,,,,,,,,,,,,,,,,,,,,,,,,,,,,,,,
c6eb5419-9ea3-4630-944a-a3acf66d887c,ACS_P_V_9,,Misc,9,N/A,,,,,,,,,,,,,,,,,,,,,,,,,,,,,,,,,,,,,,,,,,,,,,,,,,,,,,,,,,,,,,,,,,,,,,,,,,,,,,,,
081c394d-5fb8-4060-9ab8-0ab92e736f10,ACS_P_V_10,,Misc,10,N/A,,,,,,,,,,,,,,,,,,,,,,,,,,,,,,,,,,,,,,,,,,,,,,,,,,,,,,,,,,,,,,,,,,,,,,,,,,,,,,,,
098735eb-8caa-4cd1-9d24-a97fcb079e24,ACS_P_V_11,,Misc,11,N/A,,,,,,,,,,,,,,,,,,,,,,,,,,,,,,,,,,,,,,,,,,,,,,,,,,,,,,,,,,,,,,,,,,,,,,,,,,,,,,,,
74dabdb1-80da-407b-8fe4-6591f142a010,ACS_P_V_12,,Misc,12,N/A,,,,,,,,,,,,,,,,,,,,,,,,,,,,,,,,,,,,,,,,,,,,,,,,,,,,,,,,,,,,,,,,,,,,,,,,,,,,,,,,
f0f28a2b-ef92-4643-94c0-0ba6c8b8b811,ACS_P_V_Greater_Than_12,,Misc,>12,N/A,,,,,,,,,,,,,,,,,,,,,,,,,,,,,,,,,,,,,,,,,,,,,,,,,,,,,,,,,,,,,,,,,,,,,,,,,,,,,,,,
810a219f-0334-4aea-8b7c-9c3edbd569e9,ACS_P_V_Uterus_Size,,Misc,P/V Uterus Size (In Weeks),Coded,,,,,,,ACS_P_V_6,ACS_P_V_7,ACS_P_V_8,ACS_P_V_9,ACS_P_V_10,ACS_P_V_11,ACS_P_V_12,ACS_P_V_Greater_Than_12,,,,,,,,,,,,,,,,,,,,,,,,,,,,,,,,,,,,,,,,,,,,,,,,,,,,,,,,,,,,,,,,,,
30b3a1b1-5671-4d8a-813f-9883098e6526,ACS_Injury_Site_Lacerations,,Misc,Lacerations,N/A,,,,,,,,,,,,,,,,,,,,,,,,,,,,,,,,,,,,,,,,,,,,,,,,,,,,,,,,,,,,,,,,,,,,,,,,,,,,,,,,
84f11b1a-cffd-4bed-9dd7-db9019847ca0,Abrasions,,Misc,,N/A,,,,,,,,,,,,,,,,,,,,,,,,,,,,,,,,,,,,,,,,,,,,,,,,,,,,,,,,,,,,,,,,,,,,,,,,,,,,,,,,
3e8a75a1-1d60-47fe-8b55-85e296aad234,Hematoma,,Misc,,N/A,,,,,,,,,,,,,,,,,,,,,,,,,,,,,,,,,,,,,,,,,,,,,,,,,,,,,,,,,,,,,,,,,,,,,,,,,,,,,,,,
eec6b70c-8ec9-4d38-8775-fe3241c4783a,ACS_Injury_Site_Fracture,,Misc,Fracture,N/A,,,,,,,,,,,,,,,,,,,,,,,,,,,,,,,,,,,,,,,,,,,,,,,,,,,,,,,,,,,,,,,,,,,,,,,,,,,,,,,,
a51ccd2d-063e-40ba-9231-5e2294fafc27,ACS_Injury_Site_Bleeding,,Misc,Bleeding,N/A,,,,,,,,,,,,,,,,,,,,,,,,,,,,,,,,,,,,,,,,,,,,,,,,,,,,,,,,,,,,,,,,,,,,,,,,,,,,,,,,
b28c1f38-11df-4047-bc1a-62f7a5a816df,ACS_Injury_Site,,Misc,Type of Injury,Coded,,,,,,,ACS_Injury_Site_Lacerations,Abrasions,Hematoma,ACS_Injury_Site_Fracture,ACS_Injury_Site_Bleeding,,,,,,,,,,,,,,,,,,,,,,,,,,,,,,,,,,,,,,,,,,,,,,,,,,,,,,,,,,,,,,,,,,,,,
1dcf4080-97a3-4835-9819-a89372c4eabb,Acute Otitis Media,,Misc,,N/A,,,,,,,,,,,,,,,,,,,,,,,,,,,,,,,,,,,,,,,,,,,,,,,,,,,,,,,,,,,,,,,,,,,,,,,,,,,,,,,,
c39d6173-1c12-4e5f-98f9-231c8ebc23b8,Anemia_diagnosis,,Misc,Anemia,N/A,,,,,,,,,,,,,,,,,,,,,,,,,,,,,,,,,,,,,,,,,,,,,,,,,,,,,,,,,,,,,,,,,,,,,,,,,,,,,,,,
11ca83c4-a2d4-47cb-ae4a-0d33f0ba5703,Asthma,,Misc,,N/A,,,,,,,,,,,,,,,,,,,,,,,,,,,,,,,,,,,,,,,,,,,,,,,,,,,,,,,,,,,,,,,,,,,,,,,,,,,,,,,,
ed6d5bcf-c1c5-44c7-a0e1-3e9d2a26fb07,Cataract,,Misc,,N/A,,,,,,,,,,,,,,,,,,,,,,,,,,,,,,,,,,,,,,,,,,,,,,,,,,,,,,,,,,,,,,,,,,,,,,,,,,,,,,,,
bf1d9753-6140-4abe-a19e-c003016e889e,Cataract Surgery,,Misc,,N/A,,,,,,,,,,,,,,,,,,,,,,,,,,,,,,,,,,,,,,,,,,,,,,,,,,,,,,,,,,,,,,,,,,,,,,,,,,,,,,,,
106d6948-8f00-4b2e-8612-afaa994b99bc,Chronic Bronchitis,,Misc,,N/A,,,,,,,,,,,,,,,,,,,,,,,,,,,,,,,,,,,,,,,,,,,,,,,,,,,,,,,,,,,,,,,,,,,,,,,,,,,,,,,,
c5742101-d17d-4384-a204-bdd4a8bcad97,Chronic Ear Infection,,Misc,,N/A,,,,,,,,,,,,,,,,,,,,,,,,,,,,,,,,,,,,,,,,,,,,,,,,,,,,,,,,,,,,,,,,,,,,,,,,,,,,,,,,
a38acff3-0961-4059-b4b7-f14da0cda3fa,Chronic Lung disease,,Misc,,N/A,,,,,,,,,,,,,,,,,,,,,,,,,,,,,,,,,,,,,,,,,,,,,,,,,,,,,,,,,,,,,,,,,,,,,,,,,,,,,,,,
99c2d1b8-4113-4ab0-bc38-e11696bd3d82,Clinical Malaria,,Misc,,N/A,,,,,,,,,,,,,,,,,,,,,,,,,,,,,,,,,,,,,,,,,,,,,,,,,,,,,,,,,,,,,,,,,,,,,,,,,,,,,,,,
6cd95fa4-edbc-4a7f-ba0f-2f19a747ec10,Confirmation of pregnancy,,Misc,,N/A,,,,,,,,,,,,,,,,,,,,,,,,,,,,,,,,,,,,,,,,,,,,,,,,,,,,,,,,,,,,,,,,,,,,,,,,,,,,,,,,
7e14aef8-42cc-433b-a97e-9a4520bb0038,Confirmed Malaria Falciparum,,Misc,,N/A,,,,,,,,,,,,,,,,,,,,,,,,,,,,,,,,,,,,,,,,,,,,,,,,,,,,,,,,,,,,,,,,,,,,,,,,,,,,,,,,
8b1cf7e9-58cc-4431-81df-04827224f1e7,Confirmed Malaria Mixed,,Misc,,N/A,,,,,,,,,,,,,,,,,,,,,,,,,,,,,,,,,,,,,,,,,,,,,,,,,,,,,,,,,,,,,,,,,,,,,,,,,,,,,,,,
c1171af8-9407-4e48-a56c-ca8823a09ff1,Confirmed Malaria Vivax,,Misc,,N/A,,,,,,,,,,,,,,,,,,,,,,,,,,,,,,,,,,,,,,,,,,,,,,,,,,,,,,,,,,,,,,,,,,,,,,,,,,,,,,,,
1e3f1870-b252-4808-8edb-f86fad050ebd,Diabetes,,Misc,,N/A,,,,,,,,,,,,,,,,,,,,,,,,,,,,,,,,,,,,,,,,,,,,,,,,,,,,,,,,,,,,,,,,,,,,,,,,,,,,,,,,
a7671f38-13f0-4103-a274-6a0636c1c987,Diabetes Type 1,,Misc,,N/A,,,,,,,,,,,,,,,,,,,,,,,,,,,,,,,,,,,,,,,,,,,,,,,,,,,,,,,,,,,,,,,,,,,,,,,,,,,,,,,,
db4f3306-dd79-4bc8-ba6d-8e500d9c0779,Diabetes Type 2,,Misc,,N/A,,,,,,,,,,,,,,,,,,,,,,,,,,,,,,,,,,,,,,,,,,,,,,,,,,,,,,,,,,,,,,,,,,,,,,,,,,,,,,,,
9150cd6b-8aa2-4459-a941-a836356e727b,Diarrhea with dehydration,,Misc,,N/A,,,,,,,,,,,,,,,,,,,,,,,,,,,,,,,,,,,,,,,,,,,,,,,,,,,,,,,,,,,,,,,,,,,,,,,,,,,,,,,,
a4788276-0ca7-477d-88e8-bd3d8e5ba206,Diarrhea with no dehydration,,Misc,,N/A,,,,,,,,,,,,,,,,,,,,,,,,,,,,,,,,,,,,,,,,,,,,,,,,,,,,,,,,,,,,,,,,,,,,,,,,,,,,,,,,
b9220350-6920-40aa-a943-6b3c50c4cfc2,Diarrhea with severe dehydration,,Misc,,N/A,,,,,,,,,,,,,,,,,,,,,,,,,,,,,,,,,,,,,,,,,,,,,,,,,,,,,,,,,,,,,,,,,,,,,,,,,,,,,,,,
699ce104-097d-4ace-9286-b18f9b7f63c8,Diarrhea with some dehydration,,Misc,,N/A,,,,,,,,,,,,,,,,,,,,,,,,,,,,,,,,,,,,,,,,,,,,,,,,,,,,,,,,,,,,,,,,,,,,,,,,,,,,,,,,
f7207b35-2c1b-4ecd-a1c3-76d424e31261,DMPA Complications,,Misc,,N/A,,,,,,,,,,,,,,,,,,,,,,,,,,,,,,,,,,,,,,,,,,,,,,,,,,,,,,,,,,,,,,,,,,,,,,,,,,,,,,,,
6727ae28-cc8e-4603-8def-bb4c4d7662e5,DMPA First,,Misc,,N/A,,,,,,,,,,,,,,,,,,,,,,,,,,,,,,,,,,,,,,,,,,,,,,,,,,,,,,,,,,,,,,,,,,,,,,,,,,,,,,,,
89baa334-0536-49a2-a50e-50a61f87481b,DMPA Subsequent,,Misc,,N/A,,,,,,,,,,,,,,,,,,,,,,,,,,,,,,,,,,,,,,,,,,,,,,,,,,,,,,,,,,,,,,,,,,,,,,,,,,,,,,,,
c9545bae-da0f-4dbf-9275-aca3f59149fe,Dysentry,,Misc,,N/A,,,,,,,,,,,,,,,,,,,,,,,,,,,,,,,,,,,,,,,,,,,,,,,,,,,,,,,,,,,,,,,,,,,,,,,,,,,,,,,,
824dd584-43ab-4aa2-8e55-9f3d3953cc71,Enteric Fever,,Misc,,N/A,,,,,,,,,,,,,,,,,,,,,,,,,,,,,,,,,,,,,,,,,,,,,,,,,,,,,,,,,,,,,,,,,,,,,,,,,,,,,,,,
771136a3-ec67-42db-a5df-59172b1faf72,Gastritis,,Misc,,N/A,,,,,,,,,,,,,,,,,,,,,,,,,,,,,,,,,,,,,,,,,,,,,,,,,,,,,,,,,,,,,,,,,,,,,,,,,,,,,,,,
3b4f1bce-7f84-4d34-9728-6ef4aa34c49f,Hepatitis,,Misc,,N/A,,,,,,,,,,,,,,,,,,,,,,,,,,,,,,,,,,,,,,,,,,,,,,,,,,,,,,,,,,,,,,,,,,,,,,,,,,,,,,,,
8961717d-b30d-46b1-b917-ff5a463fcb51,Hypertension,,Misc,,N/A,,,,,,,,,,,,,,,,,,,,,,,,,,,,,,,,,,,,,,,,,,,,,,,,,,,,,,,,,,,,,,,,,,,,,,,,,,,,,,,,
1fa53cd0-4e15-11e4-8a57-0800271c1b75,Infertility,,Misc,Infertility,N/A,,,,,,,,,,,,,,,,,,,,,,,,,,,,,,,,,,,,,,,,,,,,,,,,,,,,,,,,,,,,,,,,,,,,,,,,,,,,,,,,
51084300-b785-4e09-995f-efbcddc8cafb,Injury with stitches,,Misc,,N/A,,,,,,,,,,,,,,,,,,,,,,,,,,,,,,,,,,,,,,,,,,,,,,,,,,,,,,,,,,,,,,,,,,,,,,,,,,,,,,,,
126cca5f-e0f8-4364-af50-88970069808e,Injury without stiches,,Misc,,N/A,,,,,,,,,,,,,,,,,,,,,,,,,,,,,,,,,,,,,,,,,,,,,,,,,,,,,,,,,,,,,,,,,,,,,,,,,,,,,,,,
da77f982-9c5f-4d96-bfa5-674095a81e71,IUD -Insertion,,Misc,,N/A,,,,,,,,,,,,,,,,,,,,,,,,,,,,,,,,,,,,,,,,,,,,,,,,,,,,,,,,,,,,,,,,,,,,,,,,,,,,,,,,
2be45f85-66ff-4ea9-bee3-0ba0102368ae,IUD -Removal,,Misc,,N/A,,,,,,,,,,,,,,,,,,,,,,,,,,,,,,,,,,,,,,,,,,,,,,,,,,,,,,,,,,,,,,,,,,,,,,,,,,,,,,,,
bdc9b494-b53f-4799-83ce-5872efe81d44,"Leprosy, Template",,Misc,Leprosy,N/A,,,,,,,,,,,,,,,,,,,,,,,,,,,,,,,,,,,,,,,,,,,,,,,,,,,,,,,,,,,,,,,,,,,,,,,,,,,,,,,,
94e8418d-a07b-4e06-a6d2-e9dc57e44759,Lower Respiratory Tract Infection,,Misc,,N/A,,,,,,,,,,,,,,,,,,,,,,,,,,,,,,,,,,,,,,,,,,,,,,,,,,,,,,,,,,,,,,,,,,,,,,,,,,,,,,,,
56edd9f3-0885-4f17-bc78-8358b38f6100,Malnutrition,,Misc,,N/A,,,,,,,,,,,,,,,,,,,,,,,,,,,,,,,,,,,,,,,,,,,,,,,,,,,,,,,,,,,,,,,,,,,,,,,,,,,,,,,,
6a0a6116-e6b4-4995-83df-b731a380a8ea,Medical Abortion Incomplete,,Misc,,N/A,,,,,,,,,,,,,,,,,,,,,,,,,,,,,,,,,,,,,,,,,,,,,,,,,,,,,,,,,,,,,,,,,,,,,,,,,,,,,,,,
cba5d609-5600-4b85-b026-e34daa4386cc,Medical Abortion with complication,,Misc,,N/A,,,,,,,,,,,,,,,,,,,,,,,,,,,,,,,,,,,,,,,,,,,,,,,,,,,,,,,,,,,,,,,,,,,,,,,,,,,,,,,,
a87bc81d-59d2-450e-8a3f-fb2ccb66991f,Medical method of abortion,,Misc,,N/A,,,,,,,,,,,,,,,,,,,,,,,,,,,,,,,,,,,,,,,,,,,,,,,,,,,,,,,,,,,,,,,,,,,,,,,,,,,,,,,,
e654b5fb-ded1-4fb2-93a7-245bf66fc2eb,Medical Method of Abortion Follow up,,Misc,,N/A,,,,,,,,,,,,,,,,,,,,,,,,,,,,,,,,,,,,,,,,,,,,,,,,,,,,,,,,,,,,,,,,,,,,,,,,,,,,,,,,
642d773e-b4fa-4483-a2f4-110160bb6016,Menstrual Disorder-Menorrhagia_Irregular_Intermenstrual Bleeding,,Misc,Menstrual Disorder-Menorrhagia Irregular Intermenstrual Bleeding,N/A,,,,,,,,,,,,,,,,,,,,,,,,,,,,,,,,,,,,,,,,,,,,,,,,,,,,,,,,,,,,,,,,,,,,,,,,,,,,,,,,
9d2693a6-2ae3-43a4-963d-3d611dff8996,Menstrual Disorders,,Misc,,N/A,,,,,,,,,,,,,,,,,,,,,,,,,,,,,,,,,,,,,,,,,,,,,,,,,,,,,,,,,,,,,,,,,,,,,,,,,,,,,,,,
7cdaa088-d3d6-4ff8-9ed4-c46131acc383,Myalgia-non specific bodyache,,Misc,,N/A,,,,,,,,,,,,,,,,,,,,,,,,,,,,,,,,,,,,,,,,,,,,,,,,,,,,,,,,,,,,,,,,,,,,,,,,,,,,,,,,
9b76de10-cbee-4b8a-901e-81e39936dd7e,Oral Contraceptives,,Misc,OCP,N/A,,,,,,,,,,,,,,,,,,,,,,,,,,,,,,,,,,,,,,,,,,,,,,,,,,,,,,,,,,,,,,,,,,,,,,,,,,,,,,,,
a690c982-0239-4ce5-95d5-2cb0fa67ea76,Osteoarthritis,,Misc,,N/A,,,,,,,,,,,,,,,,,,,,,,,,,,,,,,,,,,,,,,,,,,,,,,,,,,,,,,,,,,,,,,,,,,,,,,,,,,,,,,,,
b77d83b1-3af2-4cda-b356-574b529a7b1e,Other_Diagnosis,,Misc,Other,N/A,,,,,,,,,,,,,,,,,,,,,,,,,,,,,,,,,,,,,,,,,,,,,,,,,,,,,,,,,,,,,,,,,,,,,,,,,,,,,,,,
017e7843-41ce-477e-920f-a42eef2a9676,Pelivic Inflammatory disease,,Misc,,N/A,,,,,,,,,,,,,,,,,,,,,,,,,,,,,,,,,,,,,,,,,,,,,,,,,,,,,,,,,,,,,,,,,,,,,,,,,,,,,,,,
62324388-d94b-4857-aefa-461bb848fcd9,Pelvic Inflammatory Disease,,Misc,,N/A,,,,,,,,,,,,,,,,,,,,,,,,,,,,,,,,,,,,,,,,,,,,,,,,,,,,,,,,,,,,,,,,,,,,,,,,,,,,,,,,
e76d9b9b-7433-4114-b27b-7d16afcdc78c,PNC 1,,Misc,,N/A,,,,,,,,,,,,,,,,,,,,,,,,,,,,,,,,,,,,,,,,,,,,,,,,,,,,,,,,,,,,,,,,,,,,,,,,,,,,,,,,
da899718-a1c6-4d6f-81e4-f88bab6e5b67,PNC 2,,Misc,,N/A,,,,,,,,,,,,,,,,,,,,,,,,,,,,,,,,,,,,,,,,,,,,,,,,,,,,,,,,,,,,,,,,,,,,,,,,,,,,,,,,
a8f6ab86-d14e-4014-a202-917ae8044071,PNC 3,,Misc,,N/A,,,,,,,,,,,,,,,,,,,,,,,,,,,,,,,,,,,,,,,,,,,,,,,,,,,,,,,,,,,,,,,,,,,,,,,,,,,,,,,,
66183fe6-5084-4819-932a-0fa98f050ec1,PNC-1 Complications,,Misc,,N/A,,,,,,,,,,,,,,,,,,,,,,,,,,,,,,,,,,,,,,,,,,,,,,,,,,,,,,,,,,,,,,,,,,,,,,,,,,,,,,,,
a4738cd9-d0d7-4664-bce7-9328d5ad1064,PNC-2 Complications,,Misc,,N/A,,,,,,,,,,,,,,,,,,,,,,,,,,,,,,,,,,,,,,,,,,,,,,,,,,,,,,,,,,,,,,,,,,,,,,,,,,,,,,,,
4f2a9b46-b424-4a0a-b9c4-d405ac4e9fa1,PNC-3 Complications,,Misc,,N/A,,,,,,,,,,,,,,,,,,,,,,,,,,,,,,,,,,,,,,,,,,,,,,,,,,,,,,,,,,,,,,,,,,,,,,,,,,,,,,,,
f99e8323-809d-462b-bf81-118163a9b6ad,Reproductive Tract Infection,,Misc,,N/A,,,,,,,,,,,,,,,,,,,,,,,,,,,,,,,,,,,,,,,,,,,,,,,,,,,,,,,,,,,,,,,,,,,,,,,,,,,,,,,,
4c27eaac-95a6-4360-ba5b-afb7192852a6,Rheumatic Heart Disease-RHD,,Misc,,N/A,,,,,,,,,,,,,,,,,,,,,,,,,,,,,,,,,,,,,,,,,,,,,,,,,,,,,,,,,,,,,,,,,,,,,,,,,,,,,,,,
e8c2f0ff-b6a6-457b-8a49-23fd05fa07c3,Del_Sp_compli_severe anemia,,Misc,Severe Anemia,N/A,,,,,,,,,,,,,,,,,,,,,,,,,,,,,,,,,,,,,,,,,,,,,,,,,,,,,,,,,,,,,,,,,,,,,,,,,,,,,,,,
9af49059-4ff2-40f9-badc-a7d80a9777e5,Silicosis/Pneumoconioses,,Misc,,N/A,,,,,,,,,,,,,,,,,,,,,,,,,,,,,,,,,,,,,,,,,,,,,,,,,,,,,,,,,,,,,,,,,,,,,,,,,,,,,,,,
bd6c5ff5-c6fe-4a1d-b1f7-66765ceae629,Silicotuberculosis,,Misc,,N/A,,,,,,,,,,,,,,,,,,,,,,,,,,,,,,,,,,,,,,,,,,,,,,,,,,,,,,,,,,,,,,,,,,,,,,,,,,,,,,,,
20602687-d07a-49d9-869f-06d7d0cbe47f,Skin Disease - Impetigo,,Misc,,N/A,,,,,,,,,,,,,,,,,,,,,,,,,,,,,,,,,,,,,,,,,,,,,,,,,,,,,,,,,,,,,,,,,,,,,,,,,,,,,,,,
9c526555-e3c8-4d32-9a1d-da4a8af713fd,Skin Disease - Others,,Misc,,N/A,,,,,,,,,,,,,,,,,,,,,,,,,,,,,,,,,,,,,,,,,,,,,,,,,,,,,,,,,,,,,,,,,,,,,,,,,,,,,,,,
da3028f8-f998-43bf-9d0e-04ded113b4a3,Skin Disease - Scabies,,Misc,,N/A,,,,,,,,,,,,,,,,,,,,,,,,,,,,,,,,,,,,,,,,,,,,,,,,,,,,,,,,,,,,,,,,,,,,,,,,,,,,,,,,
8570c13e-a2fa-4c25-a0da-3c8e52912e96,Skin Disease - Tinea,,Misc,,N/A,,,,,,,,,,,,,,,,,,,,,,,,,,,,,,,,,,,,,,,,,,,,,,,,,,,,,,,,,,,,,,,,,,,,,,,,,,,,,,,,
74c21177-815a-4b1b-ba3d-0cfc4c1841ae,Skin disease- Dermatitis,,Misc,,N/A,,,,,,,,,,,,,,,,,,,,,,,,,,,,,,,,,,,,,,,,,,,,,,,,,,,,,,,,,,,,,,,,,,,,,,,,,,,,,,,,
3781b0da-d69c-431d-81a1-cce17e16e027,Skin diseases-Fungal,,Misc,,N/A,,,,,,,,,,,,,,,,,,,,,,,,,,,,,,,,,,,,,,,,,,,,,,,,,,,,,,,,,,,,,,,,,,,,,,,,,,,,,,,,
6da628c6-caba-44f5-ad47-f9b2a0a43761,Suspected TB,,Misc,,N/A,,,,,,,,,,,,,,,,,,,,,,,,,,,,,,,,,,,,,,,,,,,,,,,,,,,,,,,,,,,,,,,,,,,,,,,,,,,,,,,,
c7d535a8-be40-4128-9ed9-5fead48ad65c,URI,,Misc,,N/A,,,,,,,,,,,,,,,,,,,,,,,,,,,,,,,,,,,,,,,,,,,,,,,,,,,,,,,,,,,,,,,,,,,,,,,,,,,,,,,,
06fdcca2-7608-46e6-8b38-ab4423a9524e,UTI,,Misc,,N/A,,,,,,,,,,,,,,,,,,,,,,,,,,,,,,,,,,,,,,,,,,,,,,,,,,,,,,,,,,,,,,,,,,,,,,,,,,,,,,,,
e835cbdd-283b-445c-968b-8c8d0d43cd08,Wants Contraception,,Misc,,N/A,,,,,,,,,,,,,,,,,,,,,,,,,,,,,,,,,,,,,,,,,,,,,,,,,,,,,,,,,,,,,,,,,,,,,,,,,,,,,,,,
315982db-233b-41f0-a059-fe810151d9a9,Wants termination of pregnancy,,Misc,,N/A,,,,,,,,,,,,,,,,,,,,,,,,,,,,,,,,,,,,,,,,,,,,,,,,,,,,,,,,,,,,,,,,,,,,,,,,,,,,,,,,
2a6294d9-3ed0-44eb-a527-91af091826ae,ACS_ADULT_Diagnosis,,Misc,Diagnosis,Coded,,,,,,,Acute Otitis Media,Anemia_diagnosis,Asthma,Cataract,Cataract Surgery,Chronic Bronchitis,Chronic Ear Infection,Chronic Lung disease,Clinical Malaria,Confirmation of pregnancy,Confirmed Malaria Falciparum,Confirmed Malaria Mixed,Confirmed Malaria Vivax,Diabetes,Diabetes Type 1,Diabetes Type 2,Diarrhea with dehydration,Diarrhea with no dehydration,Diarrhea with severe dehydration,Diarrhea with some dehydration,DMPA Complications,DMPA First,DMPA Subsequent,Dysentry,Enteric Fever,Gastritis,Hepatitis,Hypertension,Infertility,Injury with stitches,Injury without stiches,IUD -Insertion,IUD -Removal,"Leprosy, Template",Lower Respiratory Tract Infection,Malnutrition,Medical Abortion Incomplete,Medical Abortion with complication,Medical method of abortion,Medical Method of Abortion Follow up,Menstrual Disorder-Menorrhagia_Irregular_Intermenstrual Bleeding,Menstrual Disorders,Myalgia-non specific bodyache,Oral Contraceptives,Osteoarthritis,Other_Diagnosis,Pelivic Inflammatory disease,Pelvic Inflammatory Disease,PNC 1,PNC 2,PNC 3,PNC-1 Complications,PNC-2 Complications,PNC-3 Complications,Reproductive Tract Infection,Rheumatic Heart Disease-RHD,Del_Sp_compli_severe anemia,Silicosis/Pneumoconioses,Silicotuberculosis,Skin Disease - Impetigo,Skin Disease - Others,Skin Disease - Scabies,Skin Disease - Tinea,Skin disease- Dermatitis,Skin diseases-Fungal,Suspected TB,URI,UTI,Wants Contraception,Wants termination of pregnancy,,,,
776ef8d4-a187-424a-b960-4e9c0be0a82f,ACS_Sever_Illness,,Misc,Severe illness,Boolean,,,,,,,,,,,,,,,,,,,,,,,,,,,,,,,,,,,,,,,,,,,,,,,,,,,,,,,,,,,,,,,,,,,,,,,,,,,,,,,,
1dcf4080-97a3-4835-9819-a89372c4eabb,Acute Otitis Media,,Misc,,N/A,,,,,,,,,,,,,,,,,,,,,,,,,,,,,,,,,,,,,,,,,,,,,,,,,,,,,,,,,,,,,,,,,,,,,,,,,,,,,,,,
c39d6173-1c12-4e5f-98f9-231c8ebc23b8,Anemia_diagnosis,,Misc,Anemia,N/A,,,,,,,,,,,,,,,,,,,,,,,,,,,,,,,,,,,,,,,,,,,,,,,,,,,,,,,,,,,,,,,,,,,,,,,,,,,,,,,,
11ca83c4-a2d4-47cb-ae4a-0d33f0ba5703,Asthma,,Misc,,N/A,,,,,,,,,,,,,,,,,,,,,,,,,,,,,,,,,,,,,,,,,,,,,,,,,,,,,,,,,,,,,,,,,,,,,,,,,,,,,,,,
ed6d5bcf-c1c5-44c7-a0e1-3e9d2a26fb07,Cataract,,Misc,,N/A,,,,,,,,,,,,,,,,,,,,,,,,,,,,,,,,,,,,,,,,,,,,,,,,,,,,,,,,,,,,,,,,,,,,,,,,,,,,,,,,
bf1d9753-6140-4abe-a19e-c003016e889e,Cataract Surgery,,Misc,,N/A,,,,,,,,,,,,,,,,,,,,,,,,,,,,,,,,,,,,,,,,,,,,,,,,,,,,,,,,,,,,,,,,,,,,,,,,,,,,,,,,
106d6948-8f00-4b2e-8612-afaa994b99bc,Chronic Bronchitis,,Misc,,N/A,,,,,,,,,,,,,,,,,,,,,,,,,,,,,,,,,,,,,,,,,,,,,,,,,,,,,,,,,,,,,,,,,,,,,,,,,,,,,,,,
c5742101-d17d-4384-a204-bdd4a8bcad97,Chronic Ear Infection,,Misc,,N/A,,,,,,,,,,,,,,,,,,,,,,,,,,,,,,,,,,,,,,,,,,,,,,,,,,,,,,,,,,,,,,,,,,,,,,,,,,,,,,,,
a38acff3-0961-4059-b4b7-f14da0cda3fa,Chronic Lung disease,,Misc,,N/A,,,,,,,,,,,,,,,,,,,,,,,,,,,,,,,,,,,,,,,,,,,,,,,,,,,,,,,,,,,,,,,,,,,,,,,,,,,,,,,,
99c2d1b8-4113-4ab0-bc38-e11696bd3d82,Clinical Malaria,,Misc,,N/A,,,,,,,,,,,,,,,,,,,,,,,,,,,,,,,,,,,,,,,,,,,,,,,,,,,,,,,,,,,,,,,,,,,,,,,,,,,,,,,,
6cd95fa4-edbc-4a7f-ba0f-2f19a747ec10,Confirmation of pregnancy,,Misc,,N/A,,,,,,,,,,,,,,,,,,,,,,,,,,,,,,,,,,,,,,,,,,,,,,,,,,,,,,,,,,,,,,,,,,,,,,,,,,,,,,,,
7e14aef8-42cc-433b-a97e-9a4520bb0038,Confirmed Malaria Falciparum,,Misc,,N/A,,,,,,,,,,,,,,,,,,,,,,,,,,,,,,,,,,,,,,,,,,,,,,,,,,,,,,,,,,,,,,,,,,,,,,,,,,,,,,,,
8b1cf7e9-58cc-4431-81df-04827224f1e7,Confirmed Malaria Mixed,,Misc,,N/A,,,,,,,,,,,,,,,,,,,,,,,,,,,,,,,,,,,,,,,,,,,,,,,,,,,,,,,,,,,,,,,,,,,,,,,,,,,,,,,,
c1171af8-9407-4e48-a56c-ca8823a09ff1,Confirmed Malaria Vivax,,Misc,,N/A,,,,,,,,,,,,,,,,,,,,,,,,,,,,,,,,,,,,,,,,,,,,,,,,,,,,,,,,,,,,,,,,,,,,,,,,,,,,,,,,
1e3f1870-b252-4808-8edb-f86fad050ebd,Diabetes,,Misc,,N/A,,,,,,,,,,,,,,,,,,,,,,,,,,,,,,,,,,,,,,,,,,,,,,,,,,,,,,,,,,,,,,,,,,,,,,,,,,,,,,,,
a7671f38-13f0-4103-a274-6a0636c1c987,Diabetes Type 1,,Misc,,N/A,,,,,,,,,,,,,,,,,,,,,,,,,,,,,,,,,,,,,,,,,,,,,,,,,,,,,,,,,,,,,,,,,,,,,,,,,,,,,,,,
db4f3306-dd79-4bc8-ba6d-8e500d9c0779,Diabetes Type 2,,Misc,,N/A,,,,,,,,,,,,,,,,,,,,,,,,,,,,,,,,,,,,,,,,,,,,,,,,,,,,,,,,,,,,,,,,,,,,,,,,,,,,,,,,
9150cd6b-8aa2-4459-a941-a836356e727b,Diarrhea with dehydration,,Misc,,N/A,,,,,,,,,,,,,,,,,,,,,,,,,,,,,,,,,,,,,,,,,,,,,,,,,,,,,,,,,,,,,,,,,,,,,,,,,,,,,,,,
a4788276-0ca7-477d-88e8-bd3d8e5ba206,Diarrhea with no dehydration,,Misc,,N/A,,,,,,,,,,,,,,,,,,,,,,,,,,,,,,,,,,,,,,,,,,,,,,,,,,,,,,,,,,,,,,,,,,,,,,,,,,,,,,,,
b9220350-6920-40aa-a943-6b3c50c4cfc2,Diarrhea with severe dehydration,,Misc,,N/A,,,,,,,,,,,,,,,,,,,,,,,,,,,,,,,,,,,,,,,,,,,,,,,,,,,,,,,,,,,,,,,,,,,,,,,,,,,,,,,,
699ce104-097d-4ace-9286-b18f9b7f63c8,Diarrhea with some dehydration,,Misc,,N/A,,,,,,,,,,,,,,,,,,,,,,,,,,,,,,,,,,,,,,,,,,,,,,,,,,,,,,,,,,,,,,,,,,,,,,,,,,,,,,,,
f7207b35-2c1b-4ecd-a1c3-76d424e31261,DMPA Complications,,Misc,,N/A,,,,,,,,,,,,,,,,,,,,,,,,,,,,,,,,,,,,,,,,,,,,,,,,,,,,,,,,,,,,,,,,,,,,,,,,,,,,,,,,
6727ae28-cc8e-4603-8def-bb4c4d7662e5,DMPA First,,Misc,,N/A,,,,,,,,,,,,,,,,,,,,,,,,,,,,,,,,,,,,,,,,,,,,,,,,,,,,,,,,,,,,,,,,,,,,,,,,,,,,,,,,
89baa334-0536-49a2-a50e-50a61f87481b,DMPA Subsequent,,Misc,,N/A,,,,,,,,,,,,,,,,,,,,,,,,,,,,,,,,,,,,,,,,,,,,,,,,,,,,,,,,,,,,,,,,,,,,,,,,,,,,,,,,
c9545bae-da0f-4dbf-9275-aca3f59149fe,Dysentry,,Misc,,N/A,,,,,,,,,,,,,,,,,,,,,,,,,,,,,,,,,,,,,,,,,,,,,,,,,,,,,,,,,,,,,,,,,,,,,,,,,,,,,,,,
824dd584-43ab-4aa2-8e55-9f3d3953cc71,Enteric Fever,,Misc,,N/A,,,,,,,,,,,,,,,,,,,,,,,,,,,,,,,,,,,,,,,,,,,,,,,,,,,,,,,,,,,,,,,,,,,,,,,,,,,,,,,,
771136a3-ec67-42db-a5df-59172b1faf72,Gastritis,,Misc,,N/A,,,,,,,,,,,,,,,,,,,,,,,,,,,,,,,,,,,,,,,,,,,,,,,,,,,,,,,,,,,,,,,,,,,,,,,,,,,,,,,,
3b4f1bce-7f84-4d34-9728-6ef4aa34c49f,Hepatitis,,Misc,,N/A,,,,,,,,,,,,,,,,,,,,,,,,,,,,,,,,,,,,,,,,,,,,,,,,,,,,,,,,,,,,,,,,,,,,,,,,,,,,,,,,
8961717d-b30d-46b1-b917-ff5a463fcb51,Hypertension,,Misc,,N/A,,,,,,,,,,,,,,,,,,,,,,,,,,,,,,,,,,,,,,,,,,,,,,,,,,,,,,,,,,,,,,,,,,,,,,,,,,,,,,,,
1fa53cd0-4e15-11e4-8a57-0800271c1b75,Infertility,,Misc,Infertility,N/A,,,,,,,,,,,,,,,,,,,,,,,,,,,,,,,,,,,,,,,,,,,,,,,,,,,,,,,,,,,,,,,,,,,,,,,,,,,,,,,,
51084300-b785-4e09-995f-efbcddc8cafb,Injury with stitches,,Misc,,N/A,,,,,,,,,,,,,,,,,,,,,,,,,,,,,,,,,,,,,,,,,,,,,,,,,,,,,,,,,,,,,,,,,,,,,,,,,,,,,,,,
126cca5f-e0f8-4364-af50-88970069808e,Injury without stiches,,Misc,,N/A,,,,,,,,,,,,,,,,,,,,,,,,,,,,,,,,,,,,,,,,,,,,,,,,,,,,,,,,,,,,,,,,,,,,,,,,,,,,,,,,
da77f982-9c5f-4d96-bfa5-674095a81e71,IUD -Insertion,,Misc,,N/A,,,,,,,,,,,,,,,,,,,,,,,,,,,,,,,,,,,,,,,,,,,,,,,,,,,,,,,,,,,,,,,,,,,,,,,,,,,,,,,,
2be45f85-66ff-4ea9-bee3-0ba0102368ae,IUD -Removal,,Misc,,N/A,,,,,,,,,,,,,,,,,,,,,,,,,,,,,,,,,,,,,,,,,,,,,,,,,,,,,,,,,,,,,,,,,,,,,,,,,,,,,,,,
bdc9b494-b53f-4799-83ce-5872efe81d44,"Leprosy, Template",,Misc,Leprosy,N/A,,,,,,,,,,,,,,,,,,,,,,,,,,,,,,,,,,,,,,,,,,,,,,,,,,,,,,,,,,,,,,,,,,,,,,,,,,,,,,,,
94e8418d-a07b-4e06-a6d2-e9dc57e44759,Lower Respiratory Tract Infection,,Misc,,N/A,,,,,,,,,,,,,,,,,,,,,,,,,,,,,,,,,,,,,,,,,,,,,,,,,,,,,,,,,,,,,,,,,,,,,,,,,,,,,,,,
56edd9f3-0885-4f17-bc78-8358b38f6100,Malnutrition,,Misc,,N/A,,,,,,,,,,,,,,,,,,,,,,,,,,,,,,,,,,,,,,,,,,,,,,,,,,,,,,,,,,,,,,,,,,,,,,,,,,,,,,,,
6a0a6116-e6b4-4995-83df-b731a380a8ea,Medical Abortion Incomplete,,Misc,,N/A,,,,,,,,,,,,,,,,,,,,,,,,,,,,,,,,,,,,,,,,,,,,,,,,,,,,,,,,,,,,,,,,,,,,,,,,,,,,,,,,
cba5d609-5600-4b85-b026-e34daa4386cc,Medical Abortion with complication,,Misc,,N/A,,,,,,,,,,,,,,,,,,,,,,,,,,,,,,,,,,,,,,,,,,,,,,,,,,,,,,,,,,,,,,,,,,,,,,,,,,,,,,,,
a87bc81d-59d2-450e-8a3f-fb2ccb66991f,Medical method of abortion,,Misc,,N/A,,,,,,,,,,,,,,,,,,,,,,,,,,,,,,,,,,,,,,,,,,,,,,,,,,,,,,,,,,,,,,,,,,,,,,,,,,,,,,,,
e654b5fb-ded1-4fb2-93a7-245bf66fc2eb,Medical Method of Abortion Follow up,,Misc,,N/A,,,,,,,,,,,,,,,,,,,,,,,,,,,,,,,,,,,,,,,,,,,,,,,,,,,,,,,,,,,,,,,,,,,,,,,,,,,,,,,,
642d773e-b4fa-4483-a2f4-110160bb6016,Menstrual Disorder-Menorrhagia_Irregular_Intermenstrual Bleeding,,Misc,Menstrual Disorder-Menorrhagia Irregular Intermenstrual Bleeding,N/A,,,,,,,,,,,,,,,,,,,,,,,,,,,,,,,,,,,,,,,,,,,,,,,,,,,,,,,,,,,,,,,,,,,,,,,,,,,,,,,,
9d2693a6-2ae3-43a4-963d-3d611dff8996,Menstrual Disorders,,Misc,,N/A,,,,,,,,,,,,,,,,,,,,,,,,,,,,,,,,,,,,,,,,,,,,,,,,,,,,,,,,,,,,,,,,,,,,,,,,,,,,,,,,
7cdaa088-d3d6-4ff8-9ed4-c46131acc383,Myalgia-non specific bodyache,,Misc,,N/A,,,,,,,,,,,,,,,,,,,,,,,,,,,,,,,,,,,,,,,,,,,,,,,,,,,,,,,,,,,,,,,,,,,,,,,,,,,,,,,,
9b76de10-cbee-4b8a-901e-81e39936dd7e,Oral Contraceptives,,Misc,OCP,N/A,,,,,,,,,,,,,,,,,,,,,,,,,,,,,,,,,,,,,,,,,,,,,,,,,,,,,,,,,,,,,,,,,,,,,,,,,,,,,,,,
a690c982-0239-4ce5-95d5-2cb0fa67ea76,Osteoarthritis,,Misc,,N/A,,,,,,,,,,,,,,,,,,,,,,,,,,,,,,,,,,,,,,,,,,,,,,,,,,,,,,,,,,,,,,,,,,,,,,,,,,,,,,,,
b77d83b1-3af2-4cda-b356-574b529a7b1e,Other_Diagnosis,,Misc,Other,N/A,,,,,,,,,,,,,,,,,,,,,,,,,,,,,,,,,,,,,,,,,,,,,,,,,,,,,,,,,,,,,,,,,,,,,,,,,,,,,,,,
017e7843-41ce-477e-920f-a42eef2a9676,Pelivic Inflammatory disease,,Misc,,N/A,,,,,,,,,,,,,,,,,,,,,,,,,,,,,,,,,,,,,,,,,,,,,,,,,,,,,,,,,,,,,,,,,,,,,,,,,,,,,,,,
62324388-d94b-4857-aefa-461bb848fcd9,Pelvic Inflammatory Disease,,Misc,,N/A,,,,,,,,,,,,,,,,,,,,,,,,,,,,,,,,,,,,,,,,,,,,,,,,,,,,,,,,,,,,,,,,,,,,,,,,,,,,,,,,
e76d9b9b-7433-4114-b27b-7d16afcdc78c,PNC 1,,Misc,,N/A,,,,,,,,,,,,,,,,,,,,,,,,,,,,,,,,,,,,,,,,,,,,,,,,,,,,,,,,,,,,,,,,,,,,,,,,,,,,,,,,
da899718-a1c6-4d6f-81e4-f88bab6e5b67,PNC 2,,Misc,,N/A,,,,,,,,,,,,,,,,,,,,,,,,,,,,,,,,,,,,,,,,,,,,,,,,,,,,,,,,,,,,,,,,,,,,,,,,,,,,,,,,
a8f6ab86-d14e-4014-a202-917ae8044071,PNC 3,,Misc,,N/A,,,,,,,,,,,,,,,,,,,,,,,,,,,,,,,,,,,,,,,,,,,,,,,,,,,,,,,,,,,,,,,,,,,,,,,,,,,,,,,,
66183fe6-5084-4819-932a-0fa98f050ec1,PNC-1 Complications,,Misc,,N/A,,,,,,,,,,,,,,,,,,,,,,,,,,,,,,,,,,,,,,,,,,,,,,,,,,,,,,,,,,,,,,,,,,,,,,,,,,,,,,,,
a4738cd9-d0d7-4664-bce7-9328d5ad1064,PNC-2 Complications,,Misc,,N/A,,,,,,,,,,,,,,,,,,,,,,,,,,,,,,,,,,,,,,,,,,,,,,,,,,,,,,,,,,,,,,,,,,,,,,,,,,,,,,,,
4f2a9b46-b424-4a0a-b9c4-d405ac4e9fa1,PNC-3 Complications,,Misc,,N/A,,,,,,,,,,,,,,,,,,,,,,,,,,,,,,,,,,,,,,,,,,,,,,,,,,,,,,,,,,,,,,,,,,,,,,,,,,,,,,,,
f99e8323-809d-462b-bf81-118163a9b6ad,Reproductive Tract Infection,,Misc,,N/A,,,,,,,,,,,,,,,,,,,,,,,,,,,,,,,,,,,,,,,,,,,,,,,,,,,,,,,,,,,,,,,,,,,,,,,,,,,,,,,,
4c27eaac-95a6-4360-ba5b-afb7192852a6,Rheumatic Heart Disease-RHD,,Misc,,N/A,,,,,,,,,,,,,,,,,,,,,,,,,,,,,,,,,,,,,,,,,,,,,,,,,,,,,,,,,,,,,,,,,,,,,,,,,,,,,,,,
e8c2f0ff-b6a6-457b-8a49-23fd05fa07c3,Del_Sp_compli_severe anemia,,Misc,Severe Anemia,N/A,,,,,,,,,,,,,,,,,,,,,,,,,,,,,,,,,,,,,,,,,,,,,,,,,,,,,,,,,,,,,,,,,,,,,,,,,,,,,,,,
9af49059-4ff2-40f9-badc-a7d80a9777e5,Silicosis/Pneumoconioses,,Misc,,N/A,,,,,,,,,,,,,,,,,,,,,,,,,,,,,,,,,,,,,,,,,,,,,,,,,,,,,,,,,,,,,,,,,,,,,,,,,,,,,,,,
bd6c5ff5-c6fe-4a1d-b1f7-66765ceae629,Silicotuberculosis,,Misc,,N/A,,,,,,,,,,,,,,,,,,,,,,,,,,,,,,,,,,,,,,,,,,,,,,,,,,,,,,,,,,,,,,,,,,,,,,,,,,,,,,,,
20602687-d07a-49d9-869f-06d7d0cbe47f,Skin Disease - Impetigo,,Misc,,N/A,,,,,,,,,,,,,,,,,,,,,,,,,,,,,,,,,,,,,,,,,,,,,,,,,,,,,,,,,,,,,,,,,,,,,,,,,,,,,,,,
9c526555-e3c8-4d32-9a1d-da4a8af713fd,Skin Disease - Others,,Misc,,N/A,,,,,,,,,,,,,,,,,,,,,,,,,,,,,,,,,,,,,,,,,,,,,,,,,,,,,,,,,,,,,,,,,,,,,,,,,,,,,,,,
da3028f8-f998-43bf-9d0e-04ded113b4a3,Skin Disease - Scabies,,Misc,,N/A,,,,,,,,,,,,,,,,,,,,,,,,,,,,,,,,,,,,,,,,,,,,,,,,,,,,,,,,,,,,,,,,,,,,,,,,,,,,,,,,
8570c13e-a2fa-4c25-a0da-3c8e52912e96,Skin Disease - Tinea,,Misc,,N/A,,,,,,,,,,,,,,,,,,,,,,,,,,,,,,,,,,,,,,,,,,,,,,,,,,,,,,,,,,,,,,,,,,,,,,,,,,,,,,,,
74c21177-815a-4b1b-ba3d-0cfc4c1841ae,Skin disease- Dermatitis,,Misc,,N/A,,,,,,,,,,,,,,,,,,,,,,,,,,,,,,,,,,,,,,,,,,,,,,,,,,,,,,,,,,,,,,,,,,,,,,,,,,,,,,,,
3781b0da-d69c-431d-81a1-cce17e16e027,Skin diseases-Fungal,,Misc,,N/A,,,,,,,,,,,,,,,,,,,,,,,,,,,,,,,,,,,,,,,,,,,,,,,,,,,,,,,,,,,,,,,,,,,,,,,,,,,,,,,,
6da628c6-caba-44f5-ad47-f9b2a0a43761,Suspected TB,,Misc,,N/A,,,,,,,,,,,,,,,,,,,,,,,,,,,,,,,,,,,,,,,,,,,,,,,,,,,,,,,,,,,,,,,,,,,,,,,,,,,,,,,,
c7d535a8-be40-4128-9ed9-5fead48ad65c,URI,,Misc,,N/A,,,,,,,,,,,,,,,,,,,,,,,,,,,,,,,,,,,,,,,,,,,,,,,,,,,,,,,,,,,,,,,,,,,,,,,,,,,,,,,,
06fdcca2-7608-46e6-8b38-ab4423a9524e,UTI,,Misc,,N/A,,,,,,,,,,,,,,,,,,,,,,,,,,,,,,,,,,,,,,,,,,,,,,,,,,,,,,,,,,,,,,,,,,,,,,,,,,,,,,,,
e835cbdd-283b-445c-968b-8c8d0d43cd08,Wants Contraception,,Misc,,N/A,,,,,,,,,,,,,,,,,,,,,,,,,,,,,,,,,,,,,,,,,,,,,,,,,,,,,,,,,,,,,,,,,,,,,,,,,,,,,,,,
315982db-233b-41f0-a059-fe810151d9a9,Wants termination of pregnancy,,Misc,,N/A,,,,,,,,,,,,,,,,,,,,,,,,,,,,,,,,,,,,,,,,,,,,,,,,,,,,,,,,,,,,,,,,,,,,,,,,,,,,,,,,
2a6294d9-3ed0-44eb-a527-91af091826ae,ACS_ADULT_Diagnosis,,Misc,Diagnosis,Coded,,,,,,,Acute Otitis Media,Anemia_diagnosis,Asthma,Cataract,Cataract Surgery,Chronic Bronchitis,Chronic Ear Infection,Chronic Lung disease,Clinical Malaria,Confirmation of pregnancy,Confirmed Malaria Falciparum,Confirmed Malaria Mixed,Confirmed Malaria Vivax,Diabetes,Diabetes Type 1,Diabetes Type 2,Diarrhea with dehydration,Diarrhea with no dehydration,Diarrhea with severe dehydration,Diarrhea with some dehydration,DMPA Complications,DMPA First,DMPA Subsequent,Dysentry,Enteric Fever,Gastritis,Hepatitis,Hypertension,Infertility,Injury with stitches,Injury without stiches,IUD -Insertion,IUD -Removal,"Leprosy, Template",Lower Respiratory Tract Infection,Malnutrition,Medical Abortion Incomplete,Medical Abortion with complication,Medical method of abortion,Medical Method of Abortion Follow up,Menstrual Disorder-Menorrhagia_Irregular_Intermenstrual Bleeding,Menstrual Disorders,Myalgia-non specific bodyache,Oral Contraceptives,Osteoarthritis,Other_Diagnosis,Pelivic Inflammatory disease,Pelvic Inflammatory Disease,PNC 1,PNC 2,PNC 3,PNC-1 Complications,PNC-2 Complications,PNC-3 Complications,Reproductive Tract Infection,Rheumatic Heart Disease-RHD,Del_Sp_compli_severe anemia,Silicosis/Pneumoconioses,Silicotuberculosis,Skin Disease - Impetigo,Skin Disease - Others,Skin Disease - Scabies,Skin Disease - Tinea,Skin disease- Dermatitis,Skin diseases-Fungal,Suspected TB,URI,UTI,Wants Contraception,Wants termination of pregnancy,,,,
72ccc6c7-25b6-4965-afe9-bc283d3b4f51,GLOBAL_Patient_Referred,,Misc,Patient referred,Boolean,,,,,,,,,,,,,,,,,,,,,,,,,,,,,,,,,,,,,,,,,,,,,,,,,,,,,,,,,,,,,,,,,,,,,,,,,,,,,,,,
a63f131b-14b6-480e-bfdd-86ac9cbca0db,GLOBAL_Patient_Admitted,,Misc,Patient admitted,Boolean,,,,,,,,,,,,,,,,,,,,,,,,,,,,,,,,,,,,,,,,,,,,,,,,,,,,,,,,,,,,,,,,,,,,,,,,,,,,,,,,
3ec1dfbe-a27b-4bce-8371-4fdb1432be36,Receipt_number,,Misc,Receipt number,Numeric,,,,,,,,,,,,,,,,,,,,,,,,,,,,,,,,,,,,,,,,,,,,,,,,,,,,,,,,,,,,,,,,,,,,,,,,,,,,,,,,
f863db5d-dedc-424f-b9c7-3a074207465b,Fees_Amount,,Misc,Amount Received,Numeric,,,,,,,,,,,,,,,,,,,,,,,,,,,,,,,,,,,,,,,,,,,,,,,,,,,,,,,,,,,,,,,,,,,,,,,,,,,,,,,,
d286e984-04d3-47c2-bdd4-81f9a3832e37,GLOBAL_FollowUpDate,,Misc,Follow-Up-Date,Date,,,,,,,,,,,,,,,,,,,,,,,,,,,,,,,,,,,,,,,,,,,,,,,,,,,,,,,,,,,,,,,,,,,,,,,,,,,,,,,,
682d6982-12a5-4370-8483-b553faed0164,GLOBAL_Doctors_Name_2,,Misc,Dr. Pavitra,N/A,,,,,,,,,,,,,,,,,,,,,,,,,,,,,,,,,,,,,,,,,,,,,,,,,,,,,,,,,,,,,,,,,,,,,,,,,,,,,,,,
465b3fa2-d971-4e88-ac0a-c9309507cb40,GLOBAL_Doctors_Name_1,,Misc,Dr. Sanjana,N/A,,,,,,,,,,,,,,,,,,,,,,,,,,,,,,,,,,,,,,,,,,,,,,,,,,,,,,,,,,,,,,,,,,,,,,,,,,,,,,,,
44fa55b8-11f2-48f0-81e9-e31c9b500df9,GLOBAL_Doctors_Name_5,,Misc,Dr. Gargi,N/A,,,,,,,,,,,,,,,,,,,,,,,,,,,,,,,,,,,,,,,,,,,,,,,,,,,,,,,,,,,,,,,,,,,,,,,,,,,,,,,,
3eaa50af-83f8-47e8-bb14-8c85897af739,GLOBAL_Doctors_Name_12,,Test,Dr. Vivek,Numeric,,,,,,,,,,,,,,,,,,,,,,,,,,,,,,,,,,,,,,,,,,,,,,,,,,,,,,,,,,,,,,,,,,,,,,,,,,,,,,,,
b190ba66-02b6-4eb3-a3b0-5e331914776c,GLOBAL_Doctors_Name,,Misc,Doctor's Name,Coded,,,,,,,GLOBAL_Doctors_Name_2,GLOBAL_Doctors_Name_1,GLOBAL_Doctors_Name_5,,,,,,,,,,,,,,,,,,,,,,,,,,,,,,,,,,,,,,,,,,,,,,,,,,,,,,,,,,,,,,,,,,,,,,,
202bc2aa-31b2-43c4-a549-b9c3cabf48c1,GLOBAL_Nurse_Name2,,Misc,Ramila Meena,N/A,,,,,,,,,,,,,,,,,,,,,,,,,,,,,,,,,,,,,,,,,,,,,,,,,,,,,,,,,,,,,,,,,,,,,,,,,,,,,,,,
83815654-6ce5-4675-b271-875fc6c32843,GLOBAL_Nurse_Name3,,Misc,Radha Dindor,N/A,,,,,,,,,,,,,,,,,,,,,,,,,,,,,,,,,,,,,,,,,,,,,,,,,,,,,,,,,,,,,,,,,,,,,,,,,,,,,,,,
230e40ec-8dcf-4bbe-af3c-1210e7a1d0c2,GLOBAL_Nurse_Name6,,Misc,Deepika Dindor,N/A,,,,,,,,,,,,,,,,,,,,,,,,,,,,,,,,,,,,,,,,,,,,,,,,,,,,,,,,,,,,,,,,,,,,,,,,,,,,,,,,
f742b04f-d769-4e39-bf96-ae85d78479d2,GLOBAL_Nurse_Name7,,Misc,Urmila Kalasua,N/A,,,,,,,,,,,,,,,,,,,,,,,,,,,,,,,,,,,,,,,,,,,,,,,,,,,,,,,,,,,,,,,,,,,,,,,,,,,,,,,,
5e85b164-d855-4ee0-a369-d9262cf4cf58,GLOBAL_Nurse_Name8,,Misc,Harshita Jain,N/A,,,,,,,,,,,,,,,,,,,,,,,,,,,,,,,,,,,,,,,,,,,,,,,,,,,,,,,,,,,,,,,,,,,,,,,,,,,,,,,,
aeebee00-47c3-4c13-b305-884f9dae7f9a,GLOBAL_Nurse_Name11,,Misc,Rekha Kharadi,N/A,,,,,,,,,,,,,,,,,,,,,,,,,,,,,,,,,,,,,,,,,,,,,,,,,,,,,,,,,,,,,,,,,,,,,,,,,,,,,,,,
2c812d1c-4ecd-407a-91fa-49979e45f237,GLOBAL_Nurse_Name12,,Misc,Rejina Meena,N/A,,,,,,,,,,,,,,,,,,,,,,,,,,,,,,,,,,,,,,,,,,,,,,,,,,,,,,,,,,,,,,,,,,,,,,,,,,,,,,,,
09afc3f5-6d13-49c3-8a59-7f61af194fd7,GLOBAL_Nurse_Name15,,Misc,Devika Damor,N/A,,,,,,,,,,,,,,,,,,,,,,,,,,,,,,,,,,,,,,,,,,,,,,,,,,,,,,,,,,,,,,,,,,,,,,,,,,,,,,,,
a6502133-1a36-4bca-adbe-34ff8007e580,GLOBAL_Nurse_Name17,,Misc,Meera Damor,N/A,,,,,,,,,,,,,,,,,,,,,,,,,,,,,,,,,,,,,,,,,,,,,,,,,,,,,,,,,,,,,,,,,,,,,,,,,,,,,,,,
2a50395b-db84-4c15-91ff-c532d6b8517e,GLOBAL_Nurse_Name18,,Misc,Sarita Maida,N/A,,,,,,,,,,,,,,,,,,,,,,,,,,,,,,,,,,,,,,,,,,,,,,,,,,,,,,,,,,,,,,,,,,,,,,,,,,,,,,,,
aa2036ff-8053-4e57-86d0-b7905020fa1a,GLOBAL_Nurse_Name24,,Misc,Sunita Jat,N/A,,,,,,,,,,,,,,,,,,,,,,,,,,,,,,,,,,,,,,,,,,,,,,,,,,,,,,,,,,,,,,,,,,,,,,,,,,,,,,,,
f611a618-c8dc-4ba9-a553-b8a2c19197a4,GLOBAL_Nurse_Name28,,Misc,Rekha Kasota,N/A,,,,,,,,,,,,,,,,,,,,,,,,,,,,,,,,,,,,,,,,,,,,,,,,,,,,,,,,,,,,,,,,,,,,,,,,,,,,,,,,
5f8bb1c2-0ac9-4511-a105-54891d929e8e,GLOBAL_Nurse_Name29,,Misc,Veena Roat,N/A,,,,,,,,,,,,,,,,,,,,,,,,,,,,,,,,,,,,,,,,,,,,,,,,,,,,,,,,,,,,,,,,,,,,,,,,,,,,,,,,
3f5b94d3-8d56-4569-b7ba-8f7db8a54c1d,GLOBAL_Nurse_Name31,,Misc,Susheela Vadera,N/A,,,,,,,,,,,,,,,,,,,,,,,,,,,,,,,,,,,,,,,,,,,,,,,,,,,,,,,,,,,,,,,,,,,,,,,,,,,,,,,,
915da82d-ea20-412e-978a-2c9738ce2059,GLOBAL_Nurse_Name32,,Misc,Sonia Pandwala,N/A,,,,,,,,,,,,,,,,,,,,,,,,,,,,,,,,,,,,,,,,,,,,,,,,,,,,,,,,,,,,,,,,,,,,,,,,,,,,,,,,
71cadac5-d67a-4acb-b298-6a059f524611,GLOBAL_Nurse_Name33,,Misc,Pushpa Rawat,N/A,,,,,,,,,,,,,,,,,,,,,,,,,,,,,,,,,,,,,,,,,,,,,,,,,,,,,,,,,,,,,,,,,,,,,,,,,,,,,,,,
045f15c0-8a7c-4727-85b1-7da04f6a46be,GLOBAL_Nurse_Name34,,Misc,Durga Meena,N/A,,,,,,,,,,,,,,,,,,,,,,,,,,,,,,,,,,,,,,,,,,,,,,,,,,,,,,,,,,,,,,,,,,,,,,,,,,,,,,,,
7f7f8b1c-57ec-48d1-b3df-bf9f7e1e4f43,GLOBAL_Nurse_Name35,,Misc,Ganga Parmar,N/A,,,,,,,,,,,,,,,,,,,,,,,,,,,,,,,,,,,,,,,,,,,,,,,,,,,,,,,,,,,,,,,,,,,,,,,,,,,,,,,,
3d437873-d901-4bd9-928b-28aea2e5f228,GLOBAL_Nurse_Name36,,Misc,Tulsi Dindor,N/A,,,,,,,,,,,,,,,,,,,,,,,,,,,,,,,,,,,,,,,,,,,,,,,,,,,,,,,,,,,,,,,,,,,,,,,,,,,,,,,,
33d71e16-7d7e-4384-8902-2140aaebfbc2,GLOBAL_Nurse_Name,,Misc,Nurse's Name,Coded,,,,,,,GLOBAL_Nurse_Name2,GLOBAL_Nurse_Name3,GLOBAL_Nurse_Name6,GLOBAL_Nurse_Name7,GLOBAL_Nurse_Name8,GLOBAL_Nurse_Name11,GLOBAL_Nurse_Name12,GLOBAL_Nurse_Name15,GLOBAL_Nurse_Name17,GLOBAL_Nurse_Name18,GLOBAL_Nurse_Name24,GLOBAL_Nurse_Name28,GLOBAL_Nurse_Name29,GLOBAL_Nurse_Name31,GLOBAL_Nurse_Name32,GLOBAL_Nurse_Name33,GLOBAL_Nurse_Name34,GLOBAL_Nurse_Name35,GLOBAL_Nurse_Name36,,,,,,,,,,,,,,,,,,,,,,,,,,,,,,,,,,,,,,,,,,,,,,,,,,,,,,,
