uuid,name,description,class,shortname,datatype,units,High Normal,Low Normal,Allow Decimal,locale,synonym.1,answer.1,answer.2,answer.3,answer.4,answer.5,answer.6,answer.7,answer.8,answer.9,answer.10,answer.11,answer.12,answer.13,answer.14,answer.15,answer.16,answer.17,answer.18,answer.19,answer.20,answer.21,answer.22,answer.23,answer.24,answer.25,answer.26,answer.27,answer.28,answer.29,answer.30,answer.31,answer.32,answer.33,answer.34,answer.35,answer.36,answer.37,answer.38,answer.39,answer.40,answer.41,answer.42,answer.43,answer.44,answer.45,answer.46,answer.47,answer.48,answer.49,answer.50,answer.51,answer.52,answer.53,answer.54,answer.55,answer.56,answer.57,answer.58,answer.59,answer.60,reference-term-source,reference-term-code,reference-term-relationship
84f19e3a-f068-49ad-b991-f67e50cf5698,Global_Location_Visit_Clinic,,Misc,Clinic,N/A,,,,,,,,,,,,,,,,,,,,,,,,,,,,,,,,,,,,,,,,,,,,,,,,,,,,,,,,,,,,,,,,,,,,,
906d25a8-97ee-4619-9ea5-d31269aba3d6,Global_Location_Visit_Elsewhere,,Misc,Elsewhere,N/A,,,,,,,,,,,,,,,,,,,,,,,,,,,,,,,,,,,,,,,,,,,,,,,,,,,,,,,,,,,,,,,,,,,,,
bc4c5f88-bb9b-49fb-9215-e94da845c798,Global_Location_Visit,,Misc,Location of Visit,Coded,,,,,,,Global_Location_Visit_Clinic,Global_Location_Visit_Elsewhere,,,,,,,,,,,,,,,,,,,,,,,,,,,,,,,,,,,,,,,,,,,,,,,,,,,,,,,,,,,,,
4f4735b3-6759-4910-820f-df58b7b88699,ANC_No_Of_Visit_1,,Misc,1,N/A,,,,,,,,,,,,,,,,,,,,,,,,,,,,,,,,,,,,,,,,,,,,,,,,,,,,,,,,,,,,,,,,,,,,,
5d41cfc6-940f-47a8-8969-bcb42a5153e0,ANC_No_Of_Visit_2,,Misc,2,N/A,,,,,,,,,,,,,,,,,,,,,,,,,,,,,,,,,,,,,,,,,,,,,,,,,,,,,,,,,,,,,,,,,,,,,
45b47d5a-fece-4bc6-8034-a44feb3b86d5,ANC_No_Of_Visit_3,,Misc,3,N/A,,,,,,,,,,,,,,,,,,,,,,,,,,,,,,,,,,,,,,,,,,,,,,,,,,,,,,,,,,,,,,,,,,,,,
230fa97b-4cab-4953-8836-ef87519f11db,ANC_No_Of_Visit_4,,Misc,4,N/A,,,,,,,,,,,,,,,,,,,,,,,,,,,,,,,,,,,,,,,,,,,,,,,,,,,,,,,,,,,,,,,,,,,,,
20322806-d77f-4e8b-a444-b3d42dac64f9,ANC_No_Of_Visit_5,,Misc,5,N/A,,,,,,,,,,,,,,,,,,,,,,,,,,,,,,,,,,,,,,,,,,,,,,,,,,,,,,,,,,,,,,,,,,,,,
bf1adaf4-6c45-45d6-a39a-03d35d754e28,ANC_No_Of_Visit_6,,Misc,6,N/A,,,,,,,,,,,,,,,,,,,,,,,,,,,,,,,,,,,,,,,,,,,,,,,,,,,,,,,,,,,,,,,,,,,,,
dde12b7c-2e8a-484c-a3f2-beec26de9290,ANC_No_Of_Visit_7,,Misc,7,N/A,,,,,,,,,,,,,,,,,,,,,,,,,,,,,,,,,,,,,,,,,,,,,,,,,,,,,,,,,,,,,,,,,,,,,
b96b70ea-0a54-4a81-a360-8773e3fbadc1,ANC_No_Of_Visit_8,,Misc,8,N/A,,,,,,,,,,,,,,,,,,,,,,,,,,,,,,,,,,,,,,,,,,,,,,,,,,,,,,,,,,,,,,,,,,,,,
a0bc1443-c416-45dd-877e-9b5e820cf569,ANC_No_Of_Visit_9,,Misc,9,N/A,,,,,,,,,,,,,,,,,,,,,,,,,,,,,,,,,,,,,,,,,,,,,,,,,,,,,,,,,,,,,,,,,,,,,
2b1e5f83-c074-41fc-a1db-90757439d984,ANC_No_Of_Visit_10,,Misc,10,N/A,,,,,,,,,,,,,,,,,,,,,,,,,,,,,,,,,,,,,,,,,,,,,,,,,,,,,,,,,,,,,,,,,,,,,
f96bcae1-a96b-4dd7-934d-401675550cab,ANC_No_Of_Visit,,Misc,No of Visit,Coded,,,,,,,ANC_No_Of_Visit_1,ANC_No_Of_Visit_2,ANC_No_Of_Visit_3,ANC_No_Of_Visit_4,ANC_No_Of_Visit_5,ANC_No_Of_Visit_6,ANC_No_Of_Visit_7,ANC_No_Of_Visit_8,ANC_No_Of_Visit_9,ANC_No_Of_Visit_10,,,,,,,,,,,,,,,,,,,,,,,,,,,,,,,,,,,,,,,,,,,,,,,,,,,,,
d23af28a-9738-4fc2-b235-ccefcdb21ae7,ANC_Gravida,,Misc,Gravida,Numeric,,,,,,,,,,,,,,,,,,,,,,,,,,,,,,,,,,,,,,,,,,,,,,,,,,,,,,,,,,,,,,,,,,,,,
bbc6dd33-49ff-4b1b-b31c-f41869da8c73,ANC_Parity,,Misc,Parity,Numeric,,,,,,,,,,,,,,,,,,,,,,,,,,,,,,,,,,,,,,,,,,,,,,,,,,,,,,,,,,,,,,,,,,,,,
531b2a33-e09d-410c-aa8c-27cbd8c8696c,ANC_Abortions,,Misc,Abortions,Numeric,,,,,,,,,,,,,,,,,,,,,,,,,,,,,,,,,,,,,,,,,,,,,,,,,,,,,,,,,,,,,,,,,,,,,
103a6ded-4ae1-49b8-a48d-115528b167e9,ANC_Live_Births,,Misc,Live Births,Numeric,,,,,,,,,,,,,,,,,,,,,,,,,,,,,,,,,,,,,,,,,,,,,,,,,,,,,,,,,,,,,,,,,,,,,
a22ce61e-ed6b-41de-ae03-dd46627f4d45,ANC_Still_Births,,Misc,Still Births,Numeric,,,,,,,,,,,,,,,,,,,,,,,,,,,,,,,,,,,,,,,,,,,,,,,,,,,,,,,,,,,,,,,,,,,,,
192e0606-0329-40ea-bad4-183c1de5ab41,ANC_Neonatal_Deaths,,Misc,Neonatal Deaths,Numeric,,,,,,,,,,,,,,,,,,,,,,,,,,,,,,,,,,,,,,,,,,,,,,,,,,,,,,,,,,,,,,,,,,,,,
22e52af9-e161-47fa-85f8-2dcfc0aafc9d,ANC_LMP,,Misc,LMP Date,Date,,,,,,,,,,,,,,,,,,,,,,,,,,,,,,,,,,,,,,,,,,,,,,,,,,,,,,,,,,,,,,,,,,,,,
dbab7ab7-0c22-4dbe-a286-8aef7a319d02,ANC_EDD,,Misc,EDD Date,Date,,,,,,,,,,,,,,,,,,,,,,,,,,,,,,,,,,,,,,,,,,,,,,,,,,,,,,,,,,,,,,,,,,,,,
63364cc9-009f-4560-85ed-46d9cd2b165c,ANC_Gestation_Date_in_Weeks,,Misc,Gestation by date,Numeric,,,,,,,,,,,,,,,,,,,,,,,,,,,,,,,,,,,,,,,,,,,,,,,,,,,,,,,,,,,,,,,,,,,,,
a79ced91-f039-4954-b64b-debac4608f26,ANC_Gestation_by_fundal_height_in weeks,,Misc,Gestation by fundal height,Numeric,,,,,,,,,,,,,,,,,,,,,,,,,,,,,,,,,,,,,,,,,,,,,,,,,,,,,,,,,,,,,,,,,,,,,
bfc3afbc-c1ab-4a95-acc9-396d27facec4,ANC-WEIGHT,,Misc,Weight,Numeric,,,,,,,,,,,,,,,,,,,,,,,,,,,,,,,,,,,,,,,,,,,,,,,,,,,,,,,,,,,,,,,,,,,,,
d56cb75e-669d-4a42-bb77-3fcb31c3fd82,ANC_HEIGHT,,Misc,Height,Numeric,,,,,,,,,,,,,,,,,,,,,,,,,,,,,,,,,,,,,,,,,,,,,,,,,,,,,,,,,,,,,,,,,,,,,
8b9793a4-0b06-4930-b11e-789965f171c3,ANC_BMI,,Misc,BMI,Numeric,,,,,,,,,,,,,,,,,,,,,,,,,,,,,,,,,,,,,,,,,,,,,,,,,,,,,,,,,,,,,,,,,,,,,
66b1d889-be9d-434c-917b-b215b011407f,ANC_BMI_Abnormal,,Abnormal,Abnormal,Boolean,,,,,,,,,,,,,,,,,,,,,,,,,,,,,,,,,,,,,,,,,,,,,,,,,,,,,,,,,,,,,,,,,,,,,
c36e9c8b-3f10-11e4-adec-0800271c1b75,Systolic,,Misc,BP : Systolic,Numeric,,,,,,,,,,,,,,,,,,,,,,,,,,,,,,,,,,,,,,,,,,,,,,,,,,,,,,,,,,,,,,,,,,,,,
c36f5a8b-3f10-11e4-adec-0800271c1b75,Systolic Abnormal,,Abnormal,Abnormal,Boolean,,,,,,,,,,,,,,,,,,,,,,,,,,,,,,,,,,,,,,,,,,,,,,,,,,,,,,,,,,,,,,,,,,,,,
c379aa1d-3f10-11e4-adec-0800271c1b75,Diastolic,,Misc,Diastolic,Numeric,,,,,,,,,,,,,,,,,,,,,,,,,,,,,,,,,,,,,,,,,,,,,,,,,,,,,,,,,,,,,,,,,,,,,
c37a5735-3f10-11e4-adec-0800271c1b75,Diastolic Abnormal,,Abnormal,Abnormal,Boolean,,,,,,,,,,,,,,,,,,,,,,,,,,,,,,,,,,,,,,,,,,,,,,,,,,,,,,,,,,,,,,,,,,,,,
c37a5735-3f10-11e4-adec-0800271c1b75,Diastolic Abnormal,,Abnormal,Abnormal,Boolean,,,,,,,,,,,,,,,,,,,,,,,,,,,,,,,,,,,,,,,,,,,,,,,,,,,,,,,,,,,,,,,,,,,,,
c36bc411-3f10-11e4-adec-0800271c1b75,Pulse,,Misc,Pulse,Numeric,,,,,,,,,,,,,,,,,,,,,,,,,,,,,,,,,,,,,,,,,,,,,,,,,,,,,,,,,,,,,,,,,,,,,
c36c7c98-3f10-11e4-adec-0800271c1b75,Pulse Abnormal,,Abnormal,Abnormal,Boolean,,,,,,,,,,,,,,,,,,,,,,,,,,,,,,,,,,,,,,,,,,,,,,,,,,,,,,,,,,,,,,,,,,,,,
c37e0f37-3f10-11e4-adec-0800271c1b75,RR,,Misc,RR,Numeric,,,,,,,,,,,,,,,,,,,,,,,,,,,,,,,,,,,,,,,,,,,,,,,,,,,,,,,,,,,,,,,,,,,,,
c37f16d3-3f10-11e4-adec-0800271c1b75,RR Abnormal,,Abnormal,Abnormal,Boolean,,,,,,,,,,,,,,,,,,,,,,,,,,,,,,,,,,,,,,,,,,,,,,,,,,,,,,,,,,,,,,,,,,,,,
5afec5eb-75c0-410e-a360-3da325dcfa5a,ANC_SPO2,,Misc,SpO2,Numeric,,,,,,,,,,,,,,,,,,,,,,,,,,,,,,,,,,,,,,,,,,,,,,,,,,,,,,,,,,,,,,,,,,,,,
54d8895b-251e-44b3-9644-2a97dfb4cd28,ANC_SPO2_Abnormal,,Abnormal,Abnormal,Boolean,,,,,,,,,,,,,,,,,,,,,,,,,,,,,,,,,,,,,,,,,,,,,,,,,,,,,,,,,,,,,,,,,,,,,
bb0b2b77-1362-4a33-855f-00c477ae44e3,ANC_Fetal_Heart_Rate,,Misc,Fetal heart rate,Numeric,,,,,,,,,,,,,,,,,,,,,,,,,,,,,,,,,,,,,,,,,,,,,,,,,,,,,,,,,,,,,,,,,,,,,
62be8f3d-4d19-464f-b8fa-5ce8197d5a01,ANC_Fetal_Heart_Rate_Abnormal,,Abnormal,Abnormal,Boolean,,,,,,,,,,,,,,,,,,,,,,,,,,,,,,,,,,,,,,,,,,,,,,,,,,,,,,,,,,,,,,,,,,,,,
1b9c438a-2786-4c0b-b8a9-9ebc5571fe49,ANC_Pallor_None,,Misc,None,N/A,,,,,,,,,,,,,,,,,,,,,,,,,,,,,,,,,,,,,,,,,,,,,,,,,,,,,,,,,,,,,,,,,,,,,
d81b1924-5859-4377-88e6-c53c388b76a4,ANC_Pallor_Moderate,,Misc,Moderate,N/A,,,,,,,,,,,,,,,,,,,,,,,,,,,,,,,,,,,,,,,,,,,,,,,,,,,,,,,,,,,,,,,,,,,,,
4fe9b9fd-3526-4c0f-8b3d-d817f34c0a7d,ANC_Pallor_Severe,,Misc,Severe,N/A,,,,,,,,,,,,,,,,,,,,,,,,,,,,,,,,,,,,,,,,,,,,,,,,,,,,,,,,,,,,,,,,,,,,,
dd694f78-aa1b-430f-befe-2d88459481fe,ANC_Pallor,,Misc,Pallor,Coded,,,,,,,ANC_Pallor_None,ANC_Pallor_Moderate,ANC_Pallor_Severe,,,,,,,,,,,,,,,,,,,,,,,,,,,,,,,,,,,,,,,,,,,,,,,,,,,,,,,,,,,,
12eb0af1-fdba-4c5d-9eff-a8e6d8151876,ANC_Feet,,Misc,Feet,N/A,,,,,,,,,,,,,,,,,,,,,,,,,,,,,,,,,,,,,,,,,,,,,,,,,,,,,,,,,,,,,,,,,,,,,
98b1fe60-d923-4e78-94d5-1aa5ca90c347,ANC_Face,,Misc,Face,N/A,,,,,,,,,,,,,,,,,,,,,,,,,,,,,,,,,,,,,,,,,,,,,,,,,,,,,,,,,,,,,,,,,,,,,
7be1e720-ac1e-4012-9287-f734bc909a9c,ANC_Whole_Body,,Misc,Whole Body,N/A,,,,,,,,,,,,,,,,,,,,,,,,,,,,,,,,,,,,,,,,,,,,,,,,,,,,,,,,,,,,,,,,,,,,,
86882cf2-36eb-4eef-81f4-b001f7a7ac56,ANC_Edema,,Misc,Edema,Coded,,,,,,,ANC_Feet,ANC_Face,ANC_Whole_Body,,,,,,,,,,,,,,,,,,,,,,,,,,,,,,,,,,,,,,,,,,,,,,,,,,,,,,,,,,,,
2cd90722-752a-4d0d-84ba-a2e9a74e63bb,Breathlesness,,Misc,Breathlesness,N/A,,,,,,,,,,,,,,,,,,,,,,,,,,,,,,,,,,,,,,,,,,,,,,,,,,,,,,,,,,,,,,,,,,,,,
1f592562-4e15-11e4-8a57-0800271c1b75,Headache,,Misc,Headache,N/A,,,,,,,,,,,,,,,,,,,,,,,,,,,,,,,,,,,,,,,,,,,,,,,,,,,,,,,,,,,,,,,,,,,,,
8b198e20-6b1b-4122-a47b-9a226320c8c9,Foul discharge,,Misc,Foul discharge,Text,,,,,,,,,,,,,,,,,,,,,,,,,,,,,,,,,,,,,,,,,,,,,,,,,,,,,,,,,,,,,,,,,,,,,
b76ea320-047b-44fd-a0bc-00afb95e958e,Severe abdomen pain,,Misc,Severe abdomen pain,N/A,,,,,,,,,,,,,,,,,,,,,,,,,,,,,,,,,,,,,,,,,,,,,,,,,,,,,,,,,,,,,,,,,,,,,
1f0f8ec6-4e15-11e4-8a57-0800271c1b75,Fever,,Misc,Fever,N/A,,,,,,,,,,,,,,,,,,,,,,,,,,,,,,,,,,,,,,,,,,,,,,,,,,,,,,,,,,,,,,,,,,,,,
a30b0bc3-9382-47c1-93de-eb34db549589,Severe vomitting,,Misc,Severe vomitting,N/A,,,,,,,,,,,,,,,,,,,,,,,,,,,,,,,,,,,,,,,,,,,,,,,,,,,,,,,,,,,,,,,,,,,,,
05e82ff7-4eb3-44fd-8afa-3133b2ea77ae,Clouded vision,,MedSet,Clouded vision,N/A,,,,,,,,,,,,,,,,,,,,,,,,,,,,,,,,,,,,,,,,,,,,,,,,,,,,,,,,,,,,,,,,,,,,,
81ad11bd-f270-4940-92ba-35f6e34b6186,Persistent cough,,MedSet,Persistent cough,N/A,,,,,,,,,,,,,,,,,,,,,,,,,,,,,,,,,,,,,,,,,,,,,,,,,,,,,,,,,,,,,,,,,,,,,
1e272149-4e15-11e4-8a57-0800271c1b75,Convulsions,,Misc,Convulsions,N/A,,,,,,,,,,,,,,,,,,,,,,,,,,,,,,,,,,,,,,,,,,,,,,,,,,,,,,,,,,,,,,,,,,,,,
e348faa1-33c2-448c-94a3-53e0eb6ba0ea,Night blindness,,MedSet,Night blindness,N/A,,,,,,,,,,,,,,,,,,,,,,,,,,,,,,,,,,,,,,,,,,,,,,,,,,,,,,,,,,,,,,,,,,,,,
e2619532-c572-4572-b4d4-0a009c6bf1ae,Burning micturition,,Misc,Burning micturition,N/A,,,,,,,,,,,,,,,,,,,,,,,,,,,,,,,,,,,,,,,,,,,,,,,,,,,,,,,,,,,,,,,,,,,,,
6be247a6-cf89-4958-86d1-1f89be855a60,Other_sign,,Misc,Other,N/A,,,,,,,,,,,,,,,,,,,,,,,,,,,,,,,,,,,,,,,,,,,,,,,,,,,,,,,,,,,,,,,,,,,,,
d603d533-afd9-4e60-ab0d-b1aca1221b72,ANC_Any_other_sign,,Misc,Any other sign,Coded,,,,,,,Breathlesness,Headache,Foul discharge,Severe abdomen pain,Fever,Severe vomitting,Clouded vision,Persistent cough,Convulsions,Night blindness,Burning micturition,Other_sign,,,,,,,,,,,,,,,,,,,,,,,,,,,,,,,,,,,,,,,,,,,,,,,,,,,
53c4eeb4-6adb-4701-95d6-6e688c634dc1,ANC_Hemoglobin,,Misc,Hemoglobin,Numeric,,,,,,,,,,,,,,,,,,,,,,,,,,,,,,,,,,,,,,,,,,,,,,,,,,,,,,,,,,,,,,,,,,,,,
47274ecd-dd41-4986-a68d-55fed7fbe52e,ANC_High_risk,,Misc,High risk?,Boolean,,,,,,,,,,,,,,,,,,,,,,,,,,,,,,,,,,,,,,,,,,,,,,,,,,,,,,,,,,,,,,,,,,,,,
e1d68862-e7b8-4cff-8514-3825cef51388,ANC_Spe_Comp_Bleeding_vaginum,,Misc,Bleeding per vaginum,N/A,,,,,,,,,,,,,,,,,,,,,,,,,,,,,,,,,,,,,,,,,,,,,,,,,,,,,,,,,,,,,,,,,,,,,
9386cea9-2f68-4f5c-a724-084b6981d716,ANC_Spe_Comp_Breech,,Misc,Breech,N/A,,,,,,,,,,,,,,,,,,,,,,,,,,,,,,,,,,,,,,,,,,,,,,,,,,,,,,,,,,,,,,,,,,,,,
0bdae274-367b-48ee-9d43-8f6c3cbc391c,ANC_diastolic BP >90,,Misc,Diastolic BP >90,N/A,,,,,,,,,,,,,,,,,,,,,,,,,,,,,,,,,,,,,,,,,,,,,,,,,,,,,,,,,,,,,,,,,,,,,
bacdbdc3-8d8d-48a1-a9e9-910eb668e91e,ANC_Eclampsia,,Misc,Eclampsia,N/A,,,,,,,,,,,,,,,,,,,,,,,,,,,,,,,,,,,,,,,,,,,,,,,,,,,,,,,,,,,,,,,,,,,,,
8644d977-1d7d-4890-be15-34f546dc0dec,ANC_Spe_Comp_Fetal distress,,Misc,Fetal Distress,N/A,,,,,,,,,,,,,,,,,,,,,,,,,,,,,,,,,,,,,,,,,,,,,,,,,,,,,,,,,,,,,,,,,,,,,
1f0f8ec6-4e15-11e4-8a57-0800271c1b75,Fever,,Misc,Fever,N/A,,,,,,,,,,,,,,,,,,,,,,,,,,,,,,,,,,,,,,,,,,,,,,,,,,,,,,,,,,,,,,,,,,,,,
c5a154d4-4d73-464d-bf07-bf5cc08309cc,ANC_Hb<7,,Misc,Hb <7,N/A,,,,,,,,,,,,,,,,,,,,,,,,,,,,,,,,,,,,,,,,,,,,,,,,,,,,,,,,,,,,,,,,,,,,,
3adc9ca6-7b51-4309-b47c-36cd1700814c,ANC_Spe_Comp_HIV,,Misc,HIV+,N/A,,,,,,,,,,,,,,,,,,,,,,,,,,,,,,,,,,,,,,,,,,,,,,,,,,,,,,,,,,,,,,,,,,,,,
80d57536-bd73-4a74-b0dc-4c6b643a158a,ANC_Spe_Comp_Inverted nipples,,Misc,Inverted Nipples,N/A,,,,,,,,,,,,,,,,,,,,,,,,,,,,,,,,,,,,,,,,,,,,,,,,,,,,,,,,,,,,,,,,,,,,,
e1e7b003-e1b6-4bed-8fa4-78513c696602,ANC_Spe_Comp_Malaria,,Misc,Malaria,N/A,,,,,,,,,,,,,,,,,,,,,,,,,,,,,,,,,,,,,,,,,,,,,,,,,,,,,,,,,,,,,,,,,,,,,
db980482-1d00-4cdc-a8e3-5e01d22f5a82,ANC_Mother’s age <18,,Misc,Mother’s age <18,N/A,,,,,,,,,,,,,,,,,,,,,,,,,,,,,,,,,,,,,,,,,,,,,,,,,,,,,,,,,,,,,,,,,,,,,
6fdae512-7570-43bb-a811-b5f0ebd8ea4f,ANC_Spe_Comp_Gestation_weeks_mov,,Misc,No Fetal Movements (>24 weeks),N/A,,,,,,,,,,,,,,,,,,,,,,,,,,,,,,,,,,,,,,,,,,,,,,,,,,,,,,,,,,,,,,,,,,,,,
9ef4d970-786d-427a-98a8-c75130d720b0,ANC_No_weight_gain_over_2months,,Misc,No weight gain over 2 months,N/A,,,,,,,,,,,,,,,,,,,,,,,,,,,,,,,,,,,,,,,,,,,,,,,,,,,,,,,,,,,,,,,,,,,,,
5df1f7c0-892a-43bc-b3b7-a8cbb6ca378d,ANC_Spe_Comp_PIH,,Misc,PIH,N/A,,,,,,,,,,,,,,,,,,,,,,,,,,,,,,,,,,,,,,,,,,,,,,,,,,,,,,,,,,,,,,,,,,,,,
369c3318-b89c-40d7-8273-e6982582b85e,ANC_Previous_SBs_or_NNDs,,Misc,Previous SBs or NNDs,N/A,,,,,,,,,,,,,,,,,,,,,,,,,,,,,,,,,,,,,,,,,,,,,,,,,,,,,,,,,,,,,,,,,,,,,
18f02f84-76a5-4d3c-8a1c-510bd91d88a1,ANC_Rh_Negative,,Misc,Rh Negative,N/A,,,,,,,,,,,,,,,,,,,,,,,,,,,,,,,,,,,,,,,,,,,,,,,,,,,,,,,,,,,,,,,,,,,,,
d73689b1-eb28-469d-bc38-619126273276,ANC_Spe_Comp_Syphilis,,Misc,Syphilis,N/A,,,,,,,,,,,,,,,,,,,,,,,,,,,,,,,,,,,,,,,,,,,,,,,,,,,,,,,,,,,,,,,,,,,,,
1c747169-2e88-4d58-beb6-656a11ed1cd6,ANC_Spe_Comp_TB,,Misc,TB,N/A,,,,,,,,,,,,,,,,,,,,,,,,,,,,,,,,,,,,,,,,,,,,,,,,,,,,,,,,,,,,,,,,,,,,,
de00fccc-1d8a-47e1-a814-bbfcaad4e26b,ANC_Spe_Comp_Twins,,Misc,Twins,N/A,,,,,,,,,,,,,,,,,,,,,,,,,,,,,,,,,,,,,,,,,,,,,,,,,,,,,,,,,,,,,,,,,,,,,
12233632-cb19-4005-bc04-42f04a56424c,ANC_Uterine_height>4_weeks_below_gestational_age,,Misc,Uterine height > 4 weeks below gestational age,N/A,,,,,,,,,,,,,,,,,,,,,,,,,,,,,,,,,,,,,,,,,,,,,,,,,,,,,,,,,,,,,,,,,,,,,
ae8758bc-d11b-4df8-84b5-0acfae65d8bf,Del_VDRL+,,Misc,VDRL +,N/A,,,,,,,,,,,,,,,,,,,,,,,,,,,,,,,,,,,,,,,,,,,,,,,,,,,,,,,,,,,,,,,,,,,,,
6bedb8a7-6ce3-48c3-9cde-3a927509757b,ANC_Wt<35 kg,,Misc,Wt<35 kg,N/A,,,,,,,,,,,,,,,,,,,,,,,,,,,,,,,,,,,,,,,,,,,,,,,,,,,,,,,,,,,,,,,,,,,,,
bb7ea0dc-48e9-4aa9-8196-50bb94c12d77,ANC_Any_Complications,,Misc,Any Complications,Coded,,,,,,,ANC_Spe_Comp_Bleeding_vaginum,ANC_Spe_Comp_Breech,ANC_diastolic BP >90,ANC_Eclampsia,ANC_Spe_Comp_Fetal distress,Fever,ANC_Hb<7,ANC_Spe_Comp_HIV,ANC_Spe_Comp_Inverted nipples,ANC_Spe_Comp_Malaria,ANC_Mother’s age <18,ANC_Spe_Comp_Gestation_weeks_mov,ANC_No_weight_gain_over_2months,ANC_Spe_Comp_PIH,ANC_Previous_SBs_or_NNDs,ANC_Rh_Negative,ANC_Spe_Comp_TB,ANC_Spe_Comp_Twins,ANC_Uterine_height>4_weeks_below_gestational_age,Del_VDRL+,ANC_Wt<35 kg,,,,,,,,,,,,,,,,,,,,,,,,,,,,,,,,,,,,,,,,,,
1dcf4080-97a3-4835-9819-a89372c4eabb,Acute Otitis Media,,Misc,,N/A,,,,,,,,,,,,,,,,,,,,,,,,,,,,,,,,,,,,,,,,,,,,,,,,,,,,,,,,,,,,,,,,,,,,,
c39d6173-1c12-4e5f-98f9-231c8ebc23b8,Anemia_diagnosis,,Misc,Anemia,N/A,,,,,,,,,,,,,,,,,,,,,,,,,,,,,,,,,,,,,,,,,,,,,,,,,,,,,,,,,,,,,,,,,,,,,
11ca83c4-a2d4-47cb-ae4a-0d33f0ba5703,Asthma,,Misc,,N/A,,,,,,,,,,,,,,,,,,,,,,,,,,,,,,,,,,,,,,,,,,,,,,,,,,,,,,,,,,,,,,,,,,,,,
ed6d5bcf-c1c5-44c7-a0e1-3e9d2a26fb07,Cataract,,Misc,,N/A,,,,,,,,,,,,,,,,,,,,,,,,,,,,,,,,,,,,,,,,,,,,,,,,,,,,,,,,,,,,,,,,,,,,,
bf1d9753-6140-4abe-a19e-c003016e889e,Cataract Surgery,,Misc,,N/A,,,,,,,,,,,,,,,,,,,,,,,,,,,,,,,,,,,,,,,,,,,,,,,,,,,,,,,,,,,,,,,,,,,,,
106d6948-8f00-4b2e-8612-afaa994b99bc,Chronic Bronchitis,,Misc,,N/A,,,,,,,,,,,,,,,,,,,,,,,,,,,,,,,,,,,,,,,,,,,,,,,,,,,,,,,,,,,,,,,,,,,,,
c5742101-d17d-4384-a204-bdd4a8bcad97,Chronic Ear Infection,,Misc,,N/A,,,,,,,,,,,,,,,,,,,,,,,,,,,,,,,,,,,,,,,,,,,,,,,,,,,,,,,,,,,,,,,,,,,,,
a38acff3-0961-4059-b4b7-f14da0cda3fa,Chronic Lung disease,,Misc,,N/A,,,,,,,,,,,,,,,,,,,,,,,,,,,,,,,,,,,,,,,,,,,,,,,,,,,,,,,,,,,,,,,,,,,,,
99c2d1b8-4113-4ab0-bc38-e11696bd3d82,Clinical Malaria,,Misc,,N/A,,,,,,,,,,,,,,,,,,,,,,,,,,,,,,,,,,,,,,,,,,,,,,,,,,,,,,,,,,,,,,,,,,,,,
6cd95fa4-edbc-4a7f-ba0f-2f19a747ec10,Confirmation of pregnancy,,Misc,,N/A,,,,,,,,,,,,,,,,,,,,,,,,,,,,,,,,,,,,,,,,,,,,,,,,,,,,,,,,,,,,,,,,,,,,,
7e14aef8-42cc-433b-a97e-9a4520bb0038,Confirmed Malaria Falciparum,,Misc,,N/A,,,,,,,,,,,,,,,,,,,,,,,,,,,,,,,,,,,,,,,,,,,,,,,,,,,,,,,,,,,,,,,,,,,,,
8b1cf7e9-58cc-4431-81df-04827224f1e7,Confirmed Malaria Mixed,,Misc,,N/A,,,,,,,,,,,,,,,,,,,,,,,,,,,,,,,,,,,,,,,,,,,,,,,,,,,,,,,,,,,,,,,,,,,,,
c1171af8-9407-4e48-a56c-ca8823a09ff1,Confirmed Malaria Vivax,,Misc,,N/A,,,,,,,,,,,,,,,,,,,,,,,,,,,,,,,,,,,,,,,,,,,,,,,,,,,,,,,,,,,,,,,,,,,,,
0f2e398d-e26f-4c54-96b1-0fef2dd9160d,Confirmed TB Micro Negative Newly detected,,Misc,,N/A,,,,,,,,,,,,,,,,,,,,,,,,,,,,,,,,,,,,,,,,,,,,,,,,,,,,,,,,,,,,,,,,,,,,,
f5ec67d2-9af8-4d4b-a58b-f67735c969db,Confirmed TB Micro Negative Previously Treated,,Misc,,N/A,,,,,,,,,,,,,,,,,,,,,,,,,,,,,,,,,,,,,,,,,,,,,,,,,,,,,,,,,,,,,,,,,,,,,
1e3f1870-b252-4808-8edb-f86fad050ebd,Diabetes,,Misc,,N/A,,,,,,,,,,,,,,,,,,,,,,,,,,,,,,,,,,,,,,,,,,,,,,,,,,,,,,,,,,,,,,,,,,,,,
a7671f38-13f0-4103-a274-6a0636c1c987,Diabetes Type 1,,Misc,,N/A,,,,,,,,,,,,,,,,,,,,,,,,,,,,,,,,,,,,,,,,,,,,,,,,,,,,,,,,,,,,,,,,,,,,,
db4f3306-dd79-4bc8-ba6d-8e500d9c0779,Diabetes Type 2,,Misc,,N/A,,,,,,,,,,,,,,,,,,,,,,,,,,,,,,,,,,,,,,,,,,,,,,,,,,,,,,,,,,,,,,,,,,,,,
9150cd6b-8aa2-4459-a941-a836356e727b,Diarrhea with dehydration,,Misc,,N/A,,,,,,,,,,,,,,,,,,,,,,,,,,,,,,,,,,,,,,,,,,,,,,,,,,,,,,,,,,,,,,,,,,,,,
a4788276-0ca7-477d-88e8-bd3d8e5ba206,Diarrhea with no dehydration,,Misc,,N/A,,,,,,,,,,,,,,,,,,,,,,,,,,,,,,,,,,,,,,,,,,,,,,,,,,,,,,,,,,,,,,,,,,,,,
b9220350-6920-40aa-a943-6b3c50c4cfc2,Diarrhea with severe dehydration,,Misc,,N/A,,,,,,,,,,,,,,,,,,,,,,,,,,,,,,,,,,,,,,,,,,,,,,,,,,,,,,,,,,,,,,,,,,,,,
699ce104-097d-4ace-9286-b18f9b7f63c8,Diarrhea with some dehydration,,Misc,,N/A,,,,,,,,,,,,,,,,,,,,,,,,,,,,,,,,,,,,,,,,,,,,,,,,,,,,,,,,,,,,,,,,,,,,,
f7207b35-2c1b-4ecd-a1c3-76d424e31261,DMPA Complications,,Misc,,N/A,,,,,,,,,,,,,,,,,,,,,,,,,,,,,,,,,,,,,,,,,,,,,,,,,,,,,,,,,,,,,,,,,,,,,
c9545bae-da0f-4dbf-9275-aca3f59149fe,Dysentry,,Misc,,N/A,,,,,,,,,,,,,,,,,,,,,,,,,,,,,,,,,,,,,,,,,,,,,,,,,,,,,,,,,,,,,,,,,,,,,
824dd584-43ab-4aa2-8e55-9f3d3953cc71,Enteric Fever,,Misc,,N/A,,,,,,,,,,,,,,,,,,,,,,,,,,,,,,,,,,,,,,,,,,,,,,,,,,,,,,,,,,,,,,,,,,,,,
55cea108-7c2e-46f6-b3eb-8e5d58415162,Extra-pulmonary TB Newly Treated,,Misc,,N/A,,,,,,,,,,,,,,,,,,,,,,,,,,,,,,,,,,,,,,,,,,,,,,,,,,,,,,,,,,,,,,,,,,,,,
a9bdda54-b3d4-4be5-8e80-7b1a0be621d0,Extra-pulmonary TB Previously Treated,,Misc,,N/A,,,,,,,,,,,,,,,,,,,,,,,,,,,,,,,,,,,,,,,,,,,,,,,,,,,,,,,,,,,,,,,,,,,,,
771136a3-ec67-42db-a5df-59172b1faf72,Gastritis,,Misc,,N/A,,,,,,,,,,,,,,,,,,,,,,,,,,,,,,,,,,,,,,,,,,,,,,,,,,,,,,,,,,,,,,,,,,,,,
8961717d-b30d-46b1-b917-ff5a463fcb51,Hypertension,,Misc,,N/A,,,,,,,,,,,,,,,,,,,,,,,,,,,,,,,,,,,,,,,,,,,,,,,,,,,,,,,,,,,,,,,,,,,,,
51084300-b785-4e09-995f-efbcddc8cafb,Injury with stitches,,Misc,,N/A,,,,,,,,,,,,,,,,,,,,,,,,,,,,,,,,,,,,,,,,,,,,,,,,,,,,,,,,,,,,,,,,,,,,,
126cca5f-e0f8-4364-af50-88970069808e,Injury without stiches,,Misc,,N/A,,,,,,,,,,,,,,,,,,,,,,,,,,,,,,,,,,,,,,,,,,,,,,,,,,,,,,,,,,,,,,,,,,,,,
bdc9b494-b53f-4799-83ce-5872efe81d44,"Leprosy, Template",,Misc,Leprosy,N/A,,,,,,,,,,,,,,,,,,,,,,,,,,,,,,,,,,,,,,,,,,,,,,,,,,,,,,,,,,,,,,,,,,,,,
94e8418d-a07b-4e06-a6d2-e9dc57e44759,Lower Respiratory Tract Infection,,Misc,,N/A,,,,,,,,,,,,,,,,,,,,,,,,,,,,,,,,,,,,,,,,,,,,,,,,,,,,,,,,,,,,,,,,,,,,,
b3548529-3d10-40d9-937a-42c9ebb95908,Malnutrition Diagnosis,,Misc,,N/A,,,,,,,,,,,,,,,,,,,,,,,,,,,,,,,,,,,,,,,,,,,,,,,,,,,,,,,,,,,,,,,,,,,,,
cba5d609-5600-4b85-b026-e34daa4386cc,Medical Abortion with complication,,Misc,,N/A,,,,,,,,,,,,,,,,,,,,,,,,,,,,,,,,,,,,,,,,,,,,,,,,,,,,,,,,,,,,,,,,,,,,,
a87bc81d-59d2-450e-8a3f-fb2ccb66991f,Medical method of abortion,,Misc,,N/A,,,,,,,,,,,,,,,,,,,,,,,,,,,,,,,,,,,,,,,,,,,,,,,,,,,,,,,,,,,,,,,,,,,,,
642d773e-b4fa-4483-a2f4-110160bb6016,Menstrual Disorder-Menorrhagia_Irregular_Intermenstrual Bleeding,,Misc,Menstrual Disorder-Menorrhagia Irregular Intermenstrual Bleeding,N/A,,,,,,,,,,,,,,,,,,,,,,,,,,,,,,,,,,,,,,,,,,,,,,,,,,,,,,,,,,,,,,,,,,,,,
9d2693a6-2ae3-43a4-963d-3d611dff8996,Menstrual Disorders,,Misc,,N/A,,,,,,,,,,,,,,,,,,,,,,,,,,,,,,,,,,,,,,,,,,,,,,,,,,,,,,,,,,,,,,,,,,,,,
2d7da291-a36a-439e-951a-71482659a667,Micro Confirmed TB Newly detected,,Misc,,N/A,,,,,,,,,,,,,,,,,,,,,,,,,,,,,,,,,,,,,,,,,,,,,,,,,,,,,,,,,,,,,,,,,,,,,
18f2b3e6-7bbf-45a9-8487-adaa191d290c,Micro Confirmed TB Previously Treated,,Misc,,N/A,,,,,,,,,,,,,,,,,,,,,,,,,,,,,,,,,,,,,,,,,,,,,,,,,,,,,,,,,,,,,,,,,,,,,
7cdaa088-d3d6-4ff8-9ed4-c46131acc383,Myalgia-non specific bodyache,,Misc,,N/A,,,,,,,,,,,,,,,,,,,,,,,,,,,,,,,,,,,,,,,,,,,,,,,,,,,,,,,,,,,,,,,,,,,,,
9b76de10-cbee-4b8a-901e-81e39936dd7e,Oral Contraceptives,,Misc,OCP,N/A,,,,,,,,,,,,,,,,,,,,,,,,,,,,,,,,,,,,,,,,,,,,,,,,,,,,,,,,,,,,,,,,,,,,,
a690c982-0239-4ce5-95d5-2cb0fa67ea76,Osteoarthritis,,Misc,,N/A,,,,,,,,,,,,,,,,,,,,,,,,,,,,,,,,,,,,,,,,,,,,,,,,,,,,,,,,,,,,,,,,,,,,,
b77d83b1-3af2-4cda-b356-574b529a7b1e,Other_Diagnosis,,Misc,Other,N/A,,,,,,,,,,,,,,,,,,,,,,,,,,,,,,,,,,,,,,,,,,,,,,,,,,,,,,,,,,,,,,,,,,,,,
62324388-d94b-4857-aefa-461bb848fcd9,Pelvic Inflammatory Disease,,Misc,,N/A,,,,,,,,,,,,,,,,,,,,,,,,,,,,,,,,,,,,,,,,,,,,,,,,,,,,,,,,,,,,,,,,,,,,,
f99e8323-809d-462b-bf81-118163a9b6ad,Reproductive Tract Infection,,Misc,,N/A,,,,,,,,,,,,,,,,,,,,,,,,,,,,,,,,,,,,,,,,,,,,,,,,,,,,,,,,,,,,,,,,,,,,,
4c27eaac-95a6-4360-ba5b-afb7192852a6,Rheumatic Heart Disease-RHD,,Misc,,N/A,,,,,,,,,,,,,,,,,,,,,,,,,,,,,,,,,,,,,,,,,,,,,,,,,,,,,,,,,,,,,,,,,,,,,
626ade65-cf0e-4737-9de0-6bb61fb4a967,Severe anemia,,Misc,Severe Anemia,N/A,,,,,,,,,,,,,,,,,,,,,,,,,,,,,,,,,,,,,,,,,,,,,,,,,,,,,,,,,,,,,,,,,,,,,
20602687-d07a-49d9-869f-06d7d0cbe47f,Skin Disease - Impetigo,,Misc,,N/A,,,,,,,,,,,,,,,,,,,,,,,,,,,,,,,,,,,,,,,,,,,,,,,,,,,,,,,,,,,,,,,,,,,,,
9c526555-e3c8-4d32-9a1d-da4a8af713fd,Skin Disease - Others,,Misc,,N/A,,,,,,,,,,,,,,,,,,,,,,,,,,,,,,,,,,,,,,,,,,,,,,,,,,,,,,,,,,,,,,,,,,,,,
da3028f8-f998-43bf-9d0e-04ded113b4a3,Skin Disease - Scabies,,Misc,,N/A,,,,,,,,,,,,,,,,,,,,,,,,,,,,,,,,,,,,,,,,,,,,,,,,,,,,,,,,,,,,,,,,,,,,,
8570c13e-a2fa-4c25-a0da-3c8e52912e96,Skin Disease - Tinea,,Misc,,N/A,,,,,,,,,,,,,,,,,,,,,,,,,,,,,,,,,,,,,,,,,,,,,,,,,,,,,,,,,,,,,,,,,,,,,
74c21177-815a-4b1b-ba3d-0cfc4c1841ae,Skin disease- Dermatitis,,Misc,,N/A,,,,,,,,,,,,,,,,,,,,,,,,,,,,,,,,,,,,,,,,,,,,,,,,,,,,,,,,,,,,,,,,,,,,,
3781b0da-d69c-431d-81a1-cce17e16e027,Skin diseases-Fungal,,Misc,,N/A,,,,,,,,,,,,,,,,,,,,,,,,,,,,,,,,,,,,,,,,,,,,,,,,,,,,,,,,,,,,,,,,,,,,,
6da628c6-caba-44f5-ad47-f9b2a0a43761,Suspected TB,,Misc,,N/A,,,,,,,,,,,,,,,,,,,,,,,,,,,,,,,,,,,,,,,,,,,,,,,,,,,,,,,,,,,,,,,,,,,,,
c7d535a8-be40-4128-9ed9-5fead48ad65c,URI,,Misc,,N/A,,,,,,,,,,,,,,,,,,,,,,,,,,,,,,,,,,,,,,,,,,,,,,,,,,,,,,,,,,,,,,,,,,,,,
06fdcca2-7608-46e6-8b38-ab4423a9524e,UTI,,Misc,,N/A,,,,,,,,,,,,,,,,,,,,,,,,,,,,,,,,,,,,,,,,,,,,,,,,,,,,,,,,,,,,,,,,,,,,,
e835cbdd-283b-445c-968b-8c8d0d43cd08,Wants Contraception,,Misc,,N/A,,,,,,,,,,,,,,,,,,,,,,,,,,,,,,,,,,,,,,,,,,,,,,,,,,,,,,,,,,,,,,,,,,,,,
315982db-233b-41f0-a059-fe810151d9a9,Wants termination of pregnancy,,Misc,,N/A,,,,,,,,,,,,,,,,,,,,,,,,,,,,,,,,,,,,,,,,,,,,,,,,,,,,,,,,,,,,,,,,,,,,,
25165a37-1f2e-4fbc-a7f2-4cfd40ea9af8,ANC_Any_Other_Problems,,Misc,Any other diagnosis,Coded,,,,,,,Acute Otitis Media,Anemia_diagnosis,Asthma,Cataract,Cataract Surgery,Chronic Bronchitis,Chronic Ear Infection,Chronic Lung disease,Clinical Malaria,Confirmation of pregnancy,Confirmed Malaria Falciparum,Confirmed Malaria Mixed,Confirmed Malaria Vivax,Confirmed TB Micro Negative Newly detected,Confirmed TB Micro Negative Previously Treated,Diabetes,Diabetes Type 1,Diabetes Type 2,Diarrhea with dehydration,Diarrhea with no dehydration,Diarrhea with severe dehydration,Diarrhea with some dehydration,DMPA Complications,Dysentry,Enteric Fever,Extra-pulmonary TB Newly Treated,Extra-pulmonary TB Previously Treated,Gastritis,Hypertension,Injury with stitches,Injury without stiches,"Leprosy, Template",Lower Respiratory Tract Infection,Malnutrition Diagnosis,Medical Abortion with complication,Medical method of abortion,Menstrual Disorder-Menorrhagia_Irregular_Intermenstrual Bleeding,Menstrual Disorders,Micro Confirmed TB Newly detected,Micro Confirmed TB Previously Treated,Myalgia-non specific bodyache,Oral Contraceptives,Osteoarthritis,Other_Diagnosis,Pelvic Inflammatory Disease,Reproductive Tract Infection,Rheumatic Heart Disease-RHD,Severe anemia,Skin Disease - Impetigo,Skin Disease - Others,Skin Disease - Scabies,Skin Disease - Tinea,Skin disease- Dermatitis,Skin diseases-Fungal,Suspected TB,URI,UTI,Wants Contraception,Wants termination of pregnancy,,,,
72ccc6c7-25b6-4965-afe9-bc283d3b4f51,GLOBAL_Patient_Referred,,Misc,Patient referred,Boolean,,,,,,,,,,,,,,,,,,,,,,,,,,,,,,,,,,,,,,,,,,,,,,,,,,,,,,,,,,,,,,,,,,,,,
a63f131b-14b6-480e-bfdd-86ac9cbca0db,GLOBAL_Patient_Admitted,,Misc,Patient admitted,Boolean,,,,,,,,,,,,,,,,,,,,,,,,,,,,,,,,,,,,,,,,,,,,,,,,,,,,,,,,,,,,,,,,,,,,,
3ec1dfbe-a27b-4bce-8371-4fdb1432be36,Receipt_number,,Misc,Receipt number,Numeric,,,,,,,,,,,,,,,,,,,,,,,,,,,,,,,,,,,,,,,,,,,,,,,,,,,,,,,,,,,,,,,,,,,,,
f863db5d-dedc-424f-b9c7-3a074207465b,Fees_Amount,,Misc,Amount Received,Numeric,,,,,,,,,,,,,,,,,,,,,,,,,,,,,,,,,,,,,,,,,,,,,,,,,,,,,,,,,,,,,,,,,,,,,
d286e984-04d3-47c2-bdd4-81f9a3832e37,GLOBAL_FollowUpDate,,Misc,Follow-Up-Date,Date,,,,,,,,,,,,,,,,,,,,,,,,,,,,,,,,,,,,,,,,,,,,,,,,,,,,,,,,,,,,,,,,,,,,,
682d6982-12a5-4370-8483-b553faed0164,GLOBAL_Doctors_Name_2,,Misc,Dr. Pavitra,N/A,,,,,,,,,,,,,,,,,,,,,,,,,,,,,,,,,,,,,,,,,,,,,,,,,,,,,,,,,,,,,,,,,,,,,
465b3fa2-d971-4e88-ac0a-c9309507cb40,GLOBAL_Doctors_Name_1,,Misc,Dr. Sanjana,N/A,,,,,,,,,,,,,,,,,,,,,,,,,,,,,,,,,,,,,,,,,,,,,,,,,,,,,,,,,,,,,,,,,,,,,
44fa55b8-11f2-48f0-81e9-e31c9b500df9,GLOBAL_Doctors_Name_5,,Misc,Dr. Gargi,N/A,,,,,,,,,,,,,,,,,,,,,,,,,,,,,,,,,,,,,,,,,,,,,,,,,,,,,,,,,,,,,,,,,,,,,
3eaa50af-83f8-47e8-bb14-8c85897af739,GLOBAL_Doctors_Name_12,,Test,Dr. Vivek,Numeric,,,,,,,,,,,,,,,,,,,,,,,,,,,,,,,,,,,,,,,,,,,,,,,,,,,,,,,,,,,,,,,,,,,,,
b190ba66-02b6-4eb3-a3b0-5e331914776c,GLOBAL_Doctors_Name,,Misc,Doctor's Name,Coded,,,,,,,GLOBAL_Doctors_Name_2,GLOBAL_Doctors_Name_1,GLOBAL_Doctors_Name_5,,,,,,,,,,,,,,,,,,,,,,,,,,,,,,,,,,,,,,,,,,,,,,,,,,,,,,,,,,,,
202bc2aa-31b2-43c4-a549-b9c3cabf48c1,GLOBAL_Nurse_Name2,,Misc,Ramila Meena,N/A,,,,,,,,,,,,,,,,,,,,,,,,,,,,,,,,,,,,,,,,,,,,,,,,,,,,,,,,,,,,,,,,,,,,,
83815654-6ce5-4675-b271-875fc6c32843,GLOBAL_Nurse_Name3,,Misc,Radha Dindor,N/A,,,,,,,,,,,,,,,,,,,,,,,,,,,,,,,,,,,,,,,,,,,,,,,,,,,,,,,,,,,,,,,,,,,,,
230e40ec-8dcf-4bbe-af3c-1210e7a1d0c2,GLOBAL_Nurse_Name6,,Misc,Deepika Dindor,N/A,,,,,,,,,,,,,,,,,,,,,,,,,,,,,,,,,,,,,,,,,,,,,,,,,,,,,,,,,,,,,,,,,,,,,
f742b04f-d769-4e39-bf96-ae85d78479d2,GLOBAL_Nurse_Name7,,Misc,Urmila Kalasua,N/A,,,,,,,,,,,,,,,,,,,,,,,,,,,,,,,,,,,,,,,,,,,,,,,,,,,,,,,,,,,,,,,,,,,,,
5e85b164-d855-4ee0-a369-d9262cf4cf58,GLOBAL_Nurse_Name8,,Misc,Harshita Jain,N/A,,,,,,,,,,,,,,,,,,,,,,,,,,,,,,,,,,,,,,,,,,,,,,,,,,,,,,,,,,,,,,,,,,,,,
aeebee00-47c3-4c13-b305-884f9dae7f9a,GLOBAL_Nurse_Name11,,Misc,Rekha Kharadi,N/A,,,,,,,,,,,,,,,,,,,,,,,,,,,,,,,,,,,,,,,,,,,,,,,,,,,,,,,,,,,,,,,,,,,,,
2c812d1c-4ecd-407a-91fa-49979e45f237,GLOBAL_Nurse_Name12,,Misc,Rejina Meena,N/A,,,,,,,,,,,,,,,,,,,,,,,,,,,,,,,,,,,,,,,,,,,,,,,,,,,,,,,,,,,,,,,,,,,,,
09afc3f5-6d13-49c3-8a59-7f61af194fd7,GLOBAL_Nurse_Name15,,Misc,Devika Damor,N/A,,,,,,,,,,,,,,,,,,,,,,,,,,,,,,,,,,,,,,,,,,,,,,,,,,,,,,,,,,,,,,,,,,,,,
a6502133-1a36-4bca-adbe-34ff8007e580,GLOBAL_Nurse_Name17,,Misc,Meera Damor,N/A,,,,,,,,,,,,,,,,,,,,,,,,,,,,,,,,,,,,,,,,,,,,,,,,,,,,,,,,,,,,,,,,,,,,,
2a50395b-db84-4c15-91ff-c532d6b8517e,GLOBAL_Nurse_Name18,,Misc,Sarita Maida,N/A,,,,,,,,,,,,,,,,,,,,,,,,,,,,,,,,,,,,,,,,,,,,,,,,,,,,,,,,,,,,,,,,,,,,,
aa2036ff-8053-4e57-86d0-b7905020fa1a,GLOBAL_Nurse_Name24,,Misc,Sunita Jat,N/A,,,,,,,,,,,,,,,,,,,,,,,,,,,,,,,,,,,,,,,,,,,,,,,,,,,,,,,,,,,,,,,,,,,,,
f611a618-c8dc-4ba9-a553-b8a2c19197a4,GLOBAL_Nurse_Name28,,Misc,Rekha Kasota,N/A,,,,,,,,,,,,,,,,,,,,,,,,,,,,,,,,,,,,,,,,,,,,,,,,,,,,,,,,,,,,,,,,,,,,,
5f8bb1c2-0ac9-4511-a105-54891d929e8e,GLOBAL_Nurse_Name29,,Misc,Veena Roat,N/A,,,,,,,,,,,,,,,,,,,,,,,,,,,,,,,,,,,,,,,,,,,,,,,,,,,,,,,,,,,,,,,,,,,,,
3f5b94d3-8d56-4569-b7ba-8f7db8a54c1d,GLOBAL_Nurse_Name31,,Misc,Susheela Vadera,N/A,,,,,,,,,,,,,,,,,,,,,,,,,,,,,,,,,,,,,,,,,,,,,,,,,,,,,,,,,,,,,,,,,,,,,
915da82d-ea20-412e-978a-2c9738ce2059,GLOBAL_Nurse_Name32,,Misc,Sonia Pandwala,N/A,,,,,,,,,,,,,,,,,,,,,,,,,,,,,,,,,,,,,,,,,,,,,,,,,,,,,,,,,,,,,,,,,,,,,
71cadac5-d67a-4acb-b298-6a059f524611,GLOBAL_Nurse_Name33,,Misc,Pushpa Rawat,N/A,,,,,,,,,,,,,,,,,,,,,,,,,,,,,,,,,,,,,,,,,,,,,,,,,,,,,,,,,,,,,,,,,,,,,
045f15c0-8a7c-4727-85b1-7da04f6a46be,GLOBAL_Nurse_Name34,,Misc,Durga Meena,N/A,,,,,,,,,,,,,,,,,,,,,,,,,,,,,,,,,,,,,,,,,,,,,,,,,,,,,,,,,,,,,,,,,,,,,
7f7f8b1c-57ec-48d1-b3df-bf9f7e1e4f43,GLOBAL_Nurse_Name35,,Misc,Ganga Parmar,N/A,,,,,,,,,,,,,,,,,,,,,,,,,,,,,,,,,,,,,,,,,,,,,,,,,,,,,,,,,,,,,,,,,,,,,
3d437873-d901-4bd9-928b-28aea2e5f228,GLOBAL_Nurse_Name36,,Misc,Tulsi Dindor,N/A,,,,,,,,,,,,,,,,,,,,,,,,,,,,,,,,,,,,,,,,,,,,,,,,,,,,,,,,,,,,,,,,,,,,,
33d71e16-7d7e-4384-8902-2140aaebfbc2,GLOBAL_Nurse_Name,,Misc,Nurse's Name,Coded,,,,,,,GLOBAL_Nurse_Name2,GLOBAL_Nurse_Name3,GLOBAL_Nurse_Name6,GLOBAL_Nurse_Name7,GLOBAL_Nurse_Name8,GLOBAL_Nurse_Name11,GLOBAL_Nurse_Name12,GLOBAL_Nurse_Name15,GLOBAL_Nurse_Name17,GLOBAL_Nurse_Name18,GLOBAL_Nurse_Name24,GLOBAL_Nurse_Name28,GLOBAL_Nurse_Name29,GLOBAL_Nurse_Name31,GLOBAL_Nurse_Name32,GLOBAL_Nurse_Name33,GLOBAL_Nurse_Name34,GLOBAL_Nurse_Name35,GLOBAL_Nurse_Name36,,,,,,,,,,,,,,,,,,,,,,,,,,,,,,,,,,,,,,,,,,,,
